search_term,categoria_emporium,nombre,precio_raw,precio_usd,categoria_gama,url,availability,scraped_at
pollo entero,03CARN,"MUSLO DE POLLO ENTERO 1,100 KG","Ref. 3,96",3.96,,https://gamaenlinea.com/es/muslo-pollo-entero-1100-kg/p/26010503,Available,2026-02-21T17:20:56.987640
pollo entero,03CARN,"POLLO ENTERO CONGELADO SUPER POLLO 2,5 KG","Ref. 11,13",11.13,,https://gamaenlinea.com/es/pollo-entero-congelado-super-pollo-25-kg/p/26011343,Available,2026-02-21T17:20:57.158920
pollo entero,03CARN,"POLLO ENTERO CONGELADO SAN JOSE 1,700 KG","Ref. 6,78",6.78,,https://gamaenlinea.com/es/pollo-entero-congelado-san-jose-1700-kg/p/26011233,Available,2026-02-21T17:20:57.286225
pollo entero,03CARN,PASTEL POLLO GAMA 1 UN,"Ref. 2,85",2.85,,https://gamaenlinea.com/es/pastel-pollo-gama-1-un/p/29008750,Available,2026-02-21T17:20:57.416775
pollo entero,03CARN,PALMITOS ENTEROS EN CONSERVA GAMA 400 GR,"Ref. 3,07",3.07,,https://gamaenlinea.com/es/palmitos-enteros-conserva-gama-400-gr/p/10035962,Available,2026-02-21T17:20:57.583060
carne premium,03CARN,PASTA CODITO PREMIUM CAPRI 1 KG,"Ref. 2,36",2.36,,https://gamaenlinea.com/es/pasta-codito-premium-capri-1-kg/p/10006315,Available,2026-02-21T17:21:27.564981
carne premium,03CARN,PASTA TORNILLO CAPRI PREMIUM 1 KG,"Ref. 2,42",2.42,,https://gamaenlinea.com/es/pasta-tornillo-capri-premium-1-kg/p/10006328,Available,2026-02-21T17:21:27.682113
carne premium,03CARN,PASTA PREMIUM DEDAL CAPRI 1 KG,"Ref. 2,42",2.42,,https://gamaenlinea.com/es/pasta-premium-dedal-capri-1-kg/p/10000191,Available,2026-02-21T17:21:27.804104
carne premium,03CARN,PASTA PLUMA CAPRI PREMIUM 1 KG,"Ref. 2,42",2.42,,https://gamaenlinea.com/es/pasta-pluma-capri-premium-1-kg/p/10008046,Available,2026-02-21T17:21:27.972841
carne premium,03CARN,MAYONESA PREMIUM KRAFT 175 GR,"Ref. 2,96",2.96,,https://gamaenlinea.com/es/mayonesa-premium-kraft-175-gr/p/10000435,Available,2026-02-21T17:21:28.093257
solomo molido,03CARN,CHURRASCO DE SOLOMO 1 KG,"Ref. 12,99",12.99,,https://gamaenlinea.com/es/churrasco-solomo-1-kg/p/26010075,Available,2026-02-21T17:22:09.369858
solomo molido,03CARN,"CARNE SOLOMO PARRILLERO 1,3 KG","Ref. 16,89",16.89,,https://gamaenlinea.com/es/carne-solomo-parrillero-13-kg/p/26010235,Available,2026-02-21T17:22:09.686242
solomo molido,03CARN,CARNE BISTEC DE SOLOMO 500 GR,"Ref. 6,50",6.5,,https://gamaenlinea.com/es/carne-bistec-solomo-500-gr/p/26010011,Available,2026-02-21T17:22:09.757927
solomo molido,03CARN,ALBONDIGAS DE CARNE DE SOLOMO 500 GR,"Ref. 5,75",5.75,,https://gamaenlinea.com/es/albondigas-carne-solomo-500-gr/p/26010483,Available,2026-02-21T17:22:09.859895
solomo molido,03CARN,CARNE SOLOMO STROGONOFF 500 GR,"Ref. 5,75",5.75,,https://gamaenlinea.com/es/carne-solomo-strogonoff-500-gr/p/26010403,Available,2026-02-21T17:22:09.959510
muslo pollo,03CARN,POLLO FILET MUSLO 500 GR,"Ref. 3,63",3.63,,https://gamaenlinea.com/es/pollo-filet-muslo-500-gr/p/26010103,Available,2026-02-21T17:22:53.257243
muslo pollo,03CARN,POLLO MECHADO GAMA 500 GR,"Ref. 13,66",13.66,,https://gamaenlinea.com/es/pollo-mechado-gama-500-gr/p/30008172,Available,2026-02-21T17:22:53.531758
muslo pollo,03CARN,PASTICHO DE POLLO GAMA 700 GR,"Ref. 15,98",15.98,,https://gamaenlinea.com/es/pasticho-pollo-gama-700-gr/p/30009094,Available,2026-02-21T17:22:53.644015
chuleta ahumada,03CARN,CHULETAS AHUMADAS PREMIUM 500 GR,"Ref. 6,40",6.4,,https://gamaenlinea.com/es/chuletas-ahumadas-premium-500-gr/p/27005037,Available,2026-02-21T17:23:23.293388
chuleta ahumada,03CARN,CHULETA AHUMADA ARTESANAL 500 GR,"Ref. 6,00",6.0,,https://gamaenlinea.com/es/chuleta-ahumada-artesanal-500-gr/p/27005665,Available,2026-02-21T17:23:23.483565
chuleta ahumada,03CARN,CHULETAS DE CERDO 700 GR,"Ref. 6,97",6.97,,https://gamaenlinea.com/es/chuletas-cerdo-700-gr/p/26010054,Available,2026-02-21T17:23:23.656302
chuleta ahumada,03CARN,TOCINETA AHUMADA 300 GR,"Ref. 8,04",8.04,,https://gamaenlinea.com/es/tocineta-ahumada-300-gr/p/27005121,Available,2026-02-21T17:23:23.836205
chuleta ahumada,03CARN,QUESO AHUMADO 300 GR,"Ref. 4,59",4.59,,https://gamaenlinea.com/es/queso-ahumado-300-gr/p/27000833,Available,2026-02-21T17:23:23.977255
chuleta cochino,03CARN,COCHINO TOCINO 500 GR,"Ref. 2,75",2.75,,https://gamaenlinea.com/es/cochino-tocino-500-gr/p/26010058,Available,2026-02-21T17:24:03.726280
chuleta cochino,03CARN,CHULITOS FULL QUESO COMETIN 90 GR,"Ref. 1,50",1.5,,https://gamaenlinea.com/es/chulitos-full-queso-cometin-90-gr/p/10029285,Available,2026-02-21T17:24:04.121255
milanesa res,03CARN,CARNE MILANESA CHOCOZUELA 500 GR,"Ref. 5,75",5.75,,https://gamaenlinea.com/es/carne-milanesa-chocozuela-500-gr/p/26010016,Available,2026-02-21T17:24:33.813940
milanesa res,03CARN,MILANESAS DE POLLO EMPANIZADAS EXCELSIOR GAMA 428 GR,"Ref. 8,24",8.24,,https://gamaenlinea.com/es/milanesas-pollo-empanizadas-excelsior-gama-428-gr/p/30009072,Available,2026-02-21T17:24:33.978365
milanesa res,03CARN,MILANESA DE POLLO FRESCO 1 KG,"Ref. 7,99",7.99,,https://gamaenlinea.com/es/milanesa-pollo-fresco-1-kg/p/26010197,Available,2026-02-21T17:24:34.119520
milanesa res,03CARN,MILANESA DE POLLO SKY CHEFS 516 GR,"Ref. 7,37",7.37,,https://gamaenlinea.com/es/milanesa-pollo-sky-chefs-516-gr/p/30006939,Available,2026-02-21T17:24:34.279342
milanesa res,03CARN,"PATAS DE RES 1,200 KG","Ref. 3,60",3.6,,https://gamaenlinea.com/es/patas-res-1200-kg/p/26011325,Available,2026-02-21T17:24:34.409433
filet pechuga,03CARN,PECHUGA DE PAVO COCIDA GAMA 300 GR,"Ref. 3,60",3.6,,https://gamaenlinea.com/es/pechuga-pavo-cocida-gama-300-gr/p/27000619_1,Available,2026-02-21T17:25:03.208646
filet pechuga,03CARN,JAMON DE PIERNA GAMA 300 GR,"Ref. 3,84",3.84,,https://gamaenlinea.com/es/jamon-pierna-gama-300-gr/p/27000094,Available,2026-02-21T17:25:03.316152
filet pechuga,03CARN,FILETE DE LENGUADO 670 GR,"Ref. 9,68",9.68,,https://gamaenlinea.com/es/filete-lenguado-670-gr/p/20010030,Available,2026-02-21T17:25:03.444113
filet pechuga,03CARN,PECHUGA DE PAVO MALLORCA 300 GR,"Ref. 3,24",3.24,,https://gamaenlinea.com/es/pechuga-pavo-mallorca-300-gr/p/27002125,Available,2026-02-21T17:25:03.591450
filet pechuga,03CARN,PECHUGA DE PAVO MILLENNIUM 300 GR,"Ref. 3,60",3.6,,https://gamaenlinea.com/es/pechuga-pavo-millennium-300-gr/p/27002132,Available,2026-02-21T17:25:03.732582
higado pollo,03CARN,HIGADO DE RES 550 GR,"Ref. 4,95",4.95,,https://gamaenlinea.com/es/higado-res-550-gr/p/26010080,Available,2026-02-21T17:25:33.197389
higado pollo,03CARN,PASTA DE HÍGADO TOVAR 230 GR,"Ref. 3,89",3.89,,https://gamaenlinea.com/es/pasta-higado-tovar-230-gr/p/30000826,Available,2026-02-21T17:25:33.289476
higado pollo,03CARN,PASTA DE HÍGADO OSCAR MAYER 226 GR,"Ref. 3,72",3.72,,https://gamaenlinea.com/es/pasta-higado-oscar-mayer-226-gr/p/30000657,Available,2026-02-21T17:25:33.499996
higado pollo,03CARN,PASTA DE HÍGADO OSCAR MAYER 113 GR,"Ref. 2,13",2.13,,https://gamaenlinea.com/es/pasta-higado-oscar-mayer-113-gr/p/30000658,Available,2026-02-21T17:25:33.605610
delicias pollo,03CARN,GALLETAS DELICIAS MARIA  CON CHOCOLATE PUIG 136 GR,"Ref. 3,51",3.51,,https://gamaenlinea.com/es/galletas-delicias-maria-chocolate-puig-136-gr/p/10030544,Available,2026-02-21T17:26:12.385861
delicias pollo,03CARN,GALLETAS DELICIAS MARIA Y CHOCOLATE PUIG DISPLAY 18 UN 34 GR,"Ref. 15,79",15.79,,https://gamaenlinea.com/es/galletas-delicias-maria-chocolate-puig-display-18-un-34-gr/p/10022305,Available,2026-02-21T17:26:12.648371
pollo deshuesado,03CARN,ACEITUNAS VERDES DESHUESADAS OSOLE 160 GR,"Ref. 1,86",1.86,,https://gamaenlinea.com/es/aceitunas-verdes-deshuesadas-osole-160-gr/p/10031078,Available,2026-02-21T17:26:53.317268
pollo deshuesado,03CARN,ACEITUNAS VERDES DESHUESADAS OSOLE 240 GR,"Ref. 3,55",3.55,,https://gamaenlinea.com/es/aceitunas-verdes-deshuesadas-osole-240-gr/p/10031074,Available,2026-02-21T17:26:53.421072
costilla res,03CARN,COSTILLA DE RES 1 KG,"Ref. 7,29",7.29,,https://gamaenlinea.com/es/costilla-res-1-kg/p/26010048,Available,2026-02-21T17:27:23.081406
costilla res,03CARN,CALDO DE COSTILLA IBERIA 8 UN,"Ref. 2,55",2.55,,https://gamaenlinea.com/es/caldo-costilla-iberia-8-un/p/10017292,Available,2026-02-21T17:27:23.196630
costilla res,03CARN,SOPA DE COSTILLA CON FIDEOS IBERIA 55 GR,"Ref. 1,31",1.31,,https://gamaenlinea.com/es/sopa-costilla-fideos-iberia-55-gr/p/10017939,Available,2026-02-21T17:27:23.297910
costilla res,03CARN,TOMAHAWK DE RES 1 KG,"Ref. 16,99",16.99,,https://gamaenlinea.com/es/tomahawk-res-1-kg/p/26011074,Available,2026-02-21T17:27:23.568067
pechuga pollo,03CARN,PECHUGA DE POLLO CON HUESO 1 KG,"Ref. 5,99",5.99,,https://gamaenlinea.com/es/pechuga-pollo-hueso-1-kg/p/26010101,Available,2026-02-21T17:27:52.425355
pechuga pollo,03CARN,"PECHUGA DE POLLO SIN HUESO 1,200 KG","Ref. 8,99",8.99,,https://gamaenlinea.com/es/pechuga-pollo-sin-hueso-1200-kg/p/26010198,Available,2026-02-21T17:27:52.528404
pernil,03CARN,MANTEQUILLA AJO Y PEREJIL GAMA 1 UN,"Ref. 3,16",3.16,,https://gamaenlinea.com/es/mantequilla-ajo-perejil-gama-1-un/p/28002139,Available,2026-02-21T17:28:36.467105
pernil,03CARN,PEREJIL RIZADO 235 GR,"Ref. 0,83",0.83,,https://gamaenlinea.com/es/perejil-rizado-235-gr/p/25000558,Available,2026-02-21T17:28:36.587574
pernil,03CARN,PEREJIL BE NATURAL 30 GR,"Ref. 1,69",1.69,,https://gamaenlinea.com/es/perejil-be-natural-30-gr/p/30006231,Available,2026-02-21T17:28:36.690459
pernil,03CARN,PEREJIL HIERBAS GOURMET 30 GR.,"Ref. 2,00",2.0,,https://gamaenlinea.com/es/perejil-hierbas-gourmet-30-gr/p/30001603,Available,2026-02-21T17:28:36.787285
pernil,03CARN,PEREJIL ENTERO IBERIA 9 GR,"Ref. 3,84",3.84,,https://gamaenlinea.com/es/perejil-entero-iberia-9-gr/p/10002011,Available,2026-02-21T17:28:36.888063
carne molida,03CARN,CARNE MOLIDA DE RES 1 KG,"Ref. 9,99",9.99,,https://gamaenlinea.com/es/carne-molida-res-1-kg/p/26010030,Available,2026-02-21T17:29:06.208010
carne molida,03CARN,CARNE MOLIDA MAGRA DE PRIMERA 1 KG,"Ref. 11,49",11.49,,https://gamaenlinea.com/es/carne-molida-magra-primera-1-kg/p/26011148,Available,2026-02-21T17:29:06.320866
carne molida,03CARN,CAFÉ GOURMET MOLIDO GAMA 500 GR,"Ref. 7,56",7.56,,https://gamaenlinea.com/es/cafe-gourmet-molido-gama-500-gr/p/10034279,Available,2026-02-21T17:29:06.472040
carne molida,03CARN,CURCUMA MOLIDA GAMA 60 GR,"Ref. 2,98",2.98,,https://gamaenlinea.com/es/curcuma-molida-gama-60-gr/p/10036213,Available,2026-02-21T17:29:06.574264
carne molida,03CARN,COMINO MOLIDO GAMA 50 GR,"Ref. 2,37",2.37,,https://gamaenlinea.com/es/comino-molido-gama-50-gr/p/10036214,Available,2026-02-21T17:29:06.688011
queso rallado,05CHAR,QUESO MADURADO RALLADO MONTESANO 130 GR,"Ref. 6,57",6.57,,https://gamaenlinea.com/es/queso-madurado-rallado-montesano-130-gr/p/27002127,Available,2026-02-21T17:29:36.216038
queso rallado,05CHAR,QUESO BLANCO PARA RALLAR FLOR DE ARAGUA 310 GR,"Ref. 6,47",6.47,,https://gamaenlinea.com/es/queso-blanco-rallar-flor-aragua-310-gr/p/27005443,Available,2026-02-21T17:29:36.375474
queso rallado,05CHAR,TOSCANO PECORINO CON PIMIENTA RALLADO 100 GR,"Ref. 6,46",6.46,,https://gamaenlinea.com/es/toscano-pecorino-pimienta-rallado-100-gr/p/30010647,Available,2026-02-21T17:29:36.479401
queso rallado,05CHAR,QUESO MOZARELLA BLANDO BUFALINDA 300 GR,"Ref. 8,19",8.19,,https://gamaenlinea.com/es/queso-mozarella-blando-bufalinda-300-gr/p/30008302,Available,2026-02-21T17:29:36.592731
queso rallado,05CHAR,QUESO MOZZARELLA JUNIOR BUFALINDA 300 GR,"Ref. 6,99",6.99,,https://gamaenlinea.com/es/queso-mozzarella-junior-bufalinda-300-gr/p/30007247,Available,2026-02-21T17:29:36.702331
queso mozzarella,05CHAR,QUESO MOZZARELLA CALICANTO 300 GR,"Ref. 5,58",5.58,,https://gamaenlinea.com/es/queso-mozzarella-calicanto-300-gr/p/27005275,Available,2026-02-21T17:30:06.831439
queso mozzarella,05CHAR,QUESO MOZZARELLA KRABI 300 GR,"Ref. 5,06",5.06,,https://gamaenlinea.com/es/queso-mozzarella-krabi-300-gr/p/27005433,Available,2026-02-21T17:30:06.988238
queso mozzarella,05CHAR,QUESO MOZZARELLA NAPOLITANA 300 GR,"Ref. 6,86",6.86,,https://gamaenlinea.com/es/queso-mozzarella-napolitana-300-gr/p/27005067,Available,2026-02-21T17:30:07.112968
queso mozzarella,05CHAR,QUESO MOZZARELLA PAISA 300 GR,"Ref. 7,47",7.47,,https://gamaenlinea.com/es/queso-mozzarella-paisa-300-gr/p/27005065,Available,2026-02-21T17:30:07.231798
queso mozzarella,05CHAR,QUESO MOZZARELLA SANTA MARIA 300 KG,"Ref. 5,10",5.1,,https://gamaenlinea.com/es/queso-mozzarella-santa-maria-300-kg/p/27000640,Available,2026-02-21T17:30:07.390537
queso merideño,05CHAR,QUESO MERIDEÑO 500 GR,"Ref. 5,00",5.0,,https://gamaenlinea.com/es/queso-merideno-500-gr/p/27005573,Available,2026-02-21T17:30:39.365031
queso merideño,05CHAR,RICOTTA EN CREMA BUFALINDA CON SAL 500 GR,"Ref. 8,06",8.06,,https://gamaenlinea.com/es/ricotta-crema-bufalinda-sal-500-gr/p/30006006,Available,2026-02-21T17:30:39.774513
queso merideño,05CHAR,QUESO MOZZARELLA FAMILIAR BUFALINDA 600 GR,"Ref. 12,30",12.3,,https://gamaenlinea.com/es/queso-mozzarella-familiar-bufalinda-600-gr/p/30008546,Available,2026-02-21T17:30:39.882473
queso santa barbara,05CHAR,QUESO DE AÑO SANTA BARBARA 400 GR,"Ref. 7,44",7.44,,https://gamaenlinea.com/es/queso-ano-santa-barbara-400-gr/p/27005231,Available,2026-02-21T17:31:09.018916
queso santa barbara,05CHAR,QUESO PALMITA DE AÑO SANTA BARBARA 400 GR,"Ref. 7,84",7.84,,https://gamaenlinea.com/es/queso-palmita-ano-santa-barbara-400-gr/p/27005099,Available,2026-02-21T17:31:09.135642
queso santa barbara,05CHAR,QUESO DE BÚFALA FRESQUITO SANTA MARÍA 300 GR,"Ref. 4,44",4.44,,https://gamaenlinea.com/es/queso-bufala-fresquito-santa-maria-300-gr/p/27000937,Available,2026-02-21T17:31:09.318385
jamon,05CHAR,CACHITO DE JAMÓN GAMA 1 UN,"Ref. 2,55",2.55,,https://gamaenlinea.com/es/cachito-jamon-gama-1-un/p/29006255,Available,2026-02-21T17:31:37.861449
jamon,05CHAR,PAN DE JAMON GAMA 1 UN,"Ref. 13,32",13.32,,https://gamaenlinea.com/es/pan-jamon-gama-1-un/p/29006430,Available,2026-02-21T17:31:37.958318
jamon,05CHAR,CROISSANT DE QUESO CREMA Y JAMON GAMA 1 UN,"Ref. 3,16",3.16,,https://gamaenlinea.com/es/croissant-queso-crema-jamon-gama-1-un/p/29008760,Available,2026-02-21T17:31:38.154815
jamon,05CHAR,JAMÓN TROCEADO 300 GR,"Ref. 2,18",2.18,,https://gamaenlinea.com/es/jamon-troceado-300-gr/p/27000095,Available,2026-02-21T17:31:38.254817
pechuga pavo,05CHAR,PECHUGA DE PAVO MOVILLA 300 GR,"Ref. 4,62",4.62,,https://gamaenlinea.com/es/pechuga-pavo-movilla-300-gr/p/27000588,Available,2026-02-21T17:32:07.834102
pechuga pavo,05CHAR,PECHUGA DE PAVO TROCEADO 300 GR,"Ref. 2,47",2.47,,https://gamaenlinea.com/es/pechuga-pavo-troceado-300-gr/p/27000173,Available,2026-02-21T17:32:07.940924
tocineta,05CHAR,DIP QUESO CREMA Y TOCINETA GAMA 1 UN,"Ref. 5,45",5.45,,https://gamaenlinea.com/es/dip-queso-crema-tocineta-gama-1-un/p/28002135,Available,2026-02-21T17:32:39.362720
tocineta,05CHAR,SALSA DE TOCINETA FRITZ 240 GR,"Ref. 5,75",5.75,,https://gamaenlinea.com/es/salsa-tocineta-fritz-240-gr/p/10033272,Available,2026-02-21T17:32:39.591005
tocineta,05CHAR,TOCINETA AHUMADA ARTESANAL 500 GR,"Ref. 10,00",10.0,,https://gamaenlinea.com/es/tocineta-ahumada-artesanal-500-gr/p/27005714,Available,2026-02-21T17:32:39.699898
tocineta,05CHAR,TOCINETA AHUMADA REBANADA COCHON 200 GR,"Ref. 7,30",7.3,,https://gamaenlinea.com/es/tocineta-ahumada-rebanada-cochon-200-gr/p/30010258,Available,2026-02-21T17:32:39.790918
paleta cerdo,05CHAR,"COSTILLITAS DE CERDO PLUMROSE 1,100 KG","Ref. 14,41",14.41,,https://gamaenlinea.com/es/costillitas-cerdo-plumrose-1100-kg/p/26010151,Available,2026-02-21T17:33:08.228341
paleta cerdo,05CHAR,PUNTA TRASERA DE CERDO PLUMROSE 1 KG,"Ref. 16,96",16.96,,https://gamaenlinea.com/es/punta-trasera-cerdo-plumrose-1-kg/p/26010733,Available,2026-02-21T17:33:08.271793
paleta cerdo,05CHAR,TOCINETA APPLEWOOD SMOKED BACON SUGARDALE 454 GR,"Ref. 13,49",13.49,,https://gamaenlinea.com/es/tocineta-applewood-smoked-bacon-sugardale-454-gr/p/30010418,Available,2026-02-21T17:33:08.367776
pierna lechon,05CHAR,JAMON DE PIERNA MALLORCA 300 GR,"Ref. 3,48",3.48,,https://gamaenlinea.com/es/jamon-pierna-mallorca-300-gr/p/27002126,Available,2026-02-21T17:33:36.852906
pierna lechon,05CHAR,JAMON PIERNA MILLENNIUM 300 GR,"Ref. 4,16",4.16,,https://gamaenlinea.com/es/jamon-pierna-millennium-300-gr/p/27002133,Available,2026-02-21T17:33:36.942402
pierna lechon,05CHAR,JAMÓN DE PIERNA COCIDO PLUMROSE 300 GR,"Ref. 4,20",4.2,,https://gamaenlinea.com/es/jamon-pierna-cocido-plumrose-300-gr/p/27000105,Available,2026-02-21T17:33:37.044755
pierna lechon,05CHAR,JAMÓN COCIDO DE PIERNA EL DRAGO 300 GR,"Ref. 2,84",2.84,,https://gamaenlinea.com/es/jamon-cocido-pierna-el-drago-300-gr/p/27002024,Available,2026-02-21T17:33:37.145963
queso pasteurizado,05CHAR,QUESO MOZZARELLA BOCCONCINI BUFALINDA 600 GR,"Ref. 12,30",12.3,,https://gamaenlinea.com/es/queso-mozzarella-bocconcini-bufalinda-600-gr/p/30005407,Available,2026-02-21T17:34:06.065488
mortadela,05CHAR,CACHITO DE MORTADELA CON PISTACHO GAMA 1 UN,"Ref. 2,64",2.64,,https://gamaenlinea.com/es/cachito-mortadela-pistacho-gama-1-un/p/29006256,Available,2026-02-21T17:34:35.979023
mortadela,05CHAR,MORTADELA ESPECIAL PLUMROSE 1 KG,"Ref. 4,69",4.69,,https://gamaenlinea.com/es/mortadela-especial-plumrose-1-kg/p/30007977,Available,2026-02-21T17:34:36.089422
mortadela,05CHAR,MORTADELA ESPECIAL POLLO PLUMROSE 1 KG,"Ref. 5,30",5.3,,https://gamaenlinea.com/es/mortadela-especial-pollo-plumrose-1-kg/p/30007976,Available,2026-02-21T17:34:36.193482
mortadela,05CHAR,MORTADELA ESPECIAL PUNTA DE MONTE 1 KG,"Ref. 6,29",6.29,,https://gamaenlinea.com/es/mortadela-especial-punta-monte-1-kg/p/30008596,Available,2026-02-21T17:34:36.294979
mortadela,05CHAR,MORTADELA DE POLLO ESPECIAL PUNTA DE MONTE 500 GR,"Ref. 3,92",3.92,,https://gamaenlinea.com/es/mortadela-pollo-especial-punta-monte-500-gr/p/30008705,Available,2026-02-21T17:34:36.391462
salchicha,05CHAR,SALCHICHAS BLANCAS FRESCAS GAMA 250 GR,"Ref. 4,50",4.5,,https://gamaenlinea.com/es/salchichas-blancas-frescas-gama-250-gr/p/26011013,Available,2026-02-21T17:35:04.971006
salchicha,05CHAR,SALCHICHAS ROJAS FRESCAS GAMA 250 GR,"Ref. 4,50",4.5,,https://gamaenlinea.com/es/salchichas-rojas-frescas-gama-250-gr/p/26011014,Available,2026-02-21T17:35:05.085895
salchicha,05CHAR,NÜRNBERGER SALCHICHA PARRILLERA 7 UND,"Ref. 8,49",8.49,,https://gamaenlinea.com/es/nurnberger-salchicha-parrillera-7-und/p/30009291,Available,2026-02-21T17:35:05.205600
salchicha,05CHAR,SALCHICHAS DE POLLO FIESTA 225 GR,"Ref. 5,35",5.35,,https://gamaenlinea.com/es/salchichas-pollo-fiesta-225-gr/p/30008322,Available,2026-02-21T17:35:05.323262
salchicha,05CHAR,SALCHICHAS VIENA FIESTA 450 GR,"Ref. 8,09",8.09,,https://gamaenlinea.com/es/salchichas-viena-fiesta-450-gr/p/30008323,Available,2026-02-21T17:35:05.480975
queso paisa,05CHAR,PASTEL QUESO PAISA GAMA 1 UN,"Ref. 2,55",2.55,,https://gamaenlinea.com/es/pastel-queso-paisa-gama-1-un/p/29008752,Available,2026-02-21T17:35:34.956798
queso paisa,05CHAR,QUESO CREMA PAISA 200 GR,"Ref. 7,44",7.44,,https://gamaenlinea.com/es/queso-crema-paisa-200-gr/p/30004969,Available,2026-02-21T17:35:35.155419
queso paisa,05CHAR,QUESO BLANCO ESPECIAL PAISA 300 GR,"Ref. 6,36",6.36,,https://gamaenlinea.com/es/queso-blanco-especial-paisa-300-gr/p/27005097,Available,2026-02-21T17:35:35.246849
queso paisa,05CHAR,QUESO RICOTTA TUBBING PAISA 250 GR,"Ref. 6,53",6.53,,https://gamaenlinea.com/es/queso-ricotta-tubbing-paisa-250-gr/p/30006025,Available,2026-02-21T17:35:35.352564
queso especial,05CHAR,GRANOLA ESPECIAL 200 GR,"Ref. 2,78",2.78,,https://gamaenlinea.com/es/granola-especial-200-gr/p/27001074,Available,2026-02-21T17:36:04.102545
queso especial,05CHAR,QUESO DE CABRA QUIBORENO RED ANANKE 550 GR,"Ref. 15,93",15.93,,https://gamaenlinea.com/es/queso-cabra-quiboreno-red-ananke-550-gr/p/27001943,Available,2026-02-21T17:36:04.228178
queso especial,05CHAR,QUESO DE CABRA EL DE TODOS LOS DIAS ANANKE 300 GR,"Ref. 8,69",8.69,,https://gamaenlinea.com/es/queso-cabra-el-todos-los-dias-ananke-300-gr/p/27002003,Available,2026-02-21T17:36:04.360072
queso especial,05CHAR,QUESO DE CABRA QUIBORENO BARRA ANANKE 300 GR,"Ref. 8,69",8.69,,https://gamaenlinea.com/es/queso-cabra-quiboreno-barra-ananke-300-gr/p/27000231,Available,2026-02-21T17:36:04.534227
chorizo,05CHAR,CHORIZO FRESCO PARRILLERO GAMA 250 GR,"Ref. 5,13",5.13,,https://gamaenlinea.com/es/chorizo-fresco-parrillero-gama-250-gr/p/26011016,Available,2026-02-21T17:36:35.527465
chorizo,05CHAR,CHORIZO AHUMADO LA MONTSERRATINA 400 GR,"Ref. 7,05",7.05,,https://gamaenlinea.com/es/chorizo-ahumado-la-montserratina-400-gr/p/30009419,Available,2026-02-21T17:36:35.635889
chorizo,05CHAR,CHORIZO CARUPANERO LA MONTSERRATINA 240 GR,"Ref. 5,48",5.48,,https://gamaenlinea.com/es/chorizo-carupanero-la-montserratina-240-gr/p/30010969,Available,2026-02-21T17:36:35.750581
chorizo,05CHAR,CHORIZO CON PIMENTON ASADO TOVAR 5 UN,"Ref. 8,89",8.89,,https://gamaenlinea.com/es/chorizo-pimenton-asado-tovar-5-un/p/30009294,Available,2026-02-21T17:36:35.852535
chorizo,05CHAR,CHORIZO COCIDO TIPO PROVENZAL TOVAR 7 UN,"Ref. 9,09",9.09,,https://gamaenlinea.com/es/chorizo-cocido-tipo-provenzal-tovar-7-un/p/30009292,Available,2026-02-21T17:36:36.012788
platano,08FRUV,"PLATANOS 1,500 KG","Ref. 4,13",4.13,,https://gamaenlinea.com/es/platanos-1500-kg/p/25000145,Available,2026-02-21T17:37:04.379602
platano,08FRUV,HOJUELAS DE PLATANO VERDE PLATANAZO 85gr,"Ref. 1,93",1.93,,https://gamaenlinea.com/es/hojuelas-platano-verde-platanazo-85gr/p/10032014,Available,2026-02-21T17:37:04.471510
platano,08FRUV,PLATANO CHIPS CON SAL ISELITAS 140 GR,"Ref. 4,29",4.29,,https://gamaenlinea.com/es/platano-chips-sal-iselitas-140-gr/p/10032789,Available,2026-02-21T17:37:04.516044
platano,08FRUV,"MIX YUCA, PLATANO Y CHIPS MADURITOS ISELITAS 220 GR","Ref. 7,95",7.95,,https://gamaenlinea.com/es/mix-yuca-platano-chips-maduritos-iselitas-220-gr/p/10035600,Available,2026-02-21T17:37:04.603318
platano,08FRUV,PLATANITOS NATUCHIPS 250 GR,"Ref. 5,48",5.48,,https://gamaenlinea.com/es/platanitos-natuchips-250-gr/p/10036069,Available,2026-02-21T17:37:04.691025
papa,08FRUV,PAPA LAVADA 1 KG,"Ref. 2,50",2.5,,https://gamaenlinea.com/es/papa-lavada-1-kg/p/25000143,Available,2026-02-21T17:37:33.189421
papa,08FRUV,"PAPAS CONGELADAS MAESTRO 2,5 KG","Ref. 18,82",18.82,,https://gamaenlinea.com/es/papas-congeladas-maestro-25-kg/p/30009848,Available,2026-02-21T17:37:33.286376
papa,08FRUV,PAPAS NATURALES CRUSTISSIMO 115 GR,"Ref. 3,55",3.55,,https://gamaenlinea.com/es/papas-naturales-crustissimo-115-gr/p/10036139,Available,2026-02-21T17:37:33.384845
papa,08FRUV,PAPAS RANCH PRINGLES 158 GR,"Ref. 5,95",5.95,,https://gamaenlinea.com/es/papas-ranch-pringles-158-gr/p/10018663,Available,2026-02-21T17:37:33.477225
papa,08FRUV,PAPAS DE QUESO PRINGLES 158 GR,"Ref. 5,95",5.95,,https://gamaenlinea.com/es/papas-queso-pringles-158-gr/p/10013887,Available,2026-02-21T17:37:33.572773
tomate,08FRUV,SALSA DE TOMATE GAMA 397 GR,"Ref. 2,22",2.22,,https://gamaenlinea.com/es/salsa-tomate-gama-397-gr/p/10017113,Available,2026-02-21T17:38:04.430579
tomate,08FRUV,PASSATA PURÉ DE TOMATE GAMA 680 ML,"Ref. 4,05",4.05,,https://gamaenlinea.com/es/passata-pure-tomate-gama-680-ml/p/10035619,Available,2026-02-21T17:38:04.544346
tomate,08FRUV,TOMATE MANZANO HIDROPONIAS 4 UN,"Ref. 4,13",4.13,,https://gamaenlinea.com/es/tomate-manzano-hidroponias-4-un/p/30004936,Available,2026-02-21T17:38:04.644926
tomate,08FRUV,TOMATE PERITA 700 GR,"Ref. 1,09",1.09,,https://gamaenlinea.com/es/tomate-perita-700-gr/p/25000176,Available,2026-02-21T17:38:04.739275
tomate,08FRUV,TOMATE DE ÁRBOL 500 GR,"Ref. 1,90",1.9,,https://gamaenlinea.com/es/tomate-arbol-500-gr/p/25000183,Available,2026-02-21T17:38:04.836707
cebolla,08FRUV,CEBOLLA 700 GR,"Ref. 1,02",1.02,,https://gamaenlinea.com/es/cebolla-700-gr/p/25000035,Available,2026-02-21T17:38:34.038957
cebolla,08FRUV,CEBOLLA MORADA 500 GR,"Ref. 1,87",1.87,,https://gamaenlinea.com/es/cebolla-morada-500-gr/p/25000036,Available,2026-02-21T17:38:34.135986
cebolla,08FRUV,GERMINADO DE CEBOLLA ARAUAK 25 GR,"Ref. 3,28",3.28,,https://gamaenlinea.com/es/germinado-cebolla-arauak-25-gr/p/30010033,Available,2026-02-21T17:38:34.231921
cebolla,08FRUV,CASABITO DE CEBOLLA GOURMET 85 GR,"Ref. 2,85",2.85,,https://gamaenlinea.com/es/casabito-cebolla-gourmet-85-gr/p/10028658,Available,2026-02-21T17:38:34.334940
cebolla,08FRUV,CEBOLLA MOLIDA MCCORMICK 70 GR,"Ref. 5,27",5.27,,https://gamaenlinea.com/es/cebolla-molida-mccormick-70-gr/p/10000615,Available,2026-02-21T17:38:34.438550
aguacate,08FRUV,"AGUACATE 1,600 KG","Ref. 8,78",8.78,,https://gamaenlinea.com/es/aguacate-1600-kg/p/25000007,Available,2026-02-21T17:39:03.033508
cambur,08FRUV,"CAMBUR 1,300 KG","Ref. 1,63",1.63,,https://gamaenlinea.com/es/cambur-1300-kg/p/25000041,Available,2026-02-21T17:39:32.173341
cambur,08FRUV,"CAMBUR MANZANO 1,300 KG","Ref. 1,63",1.63,,https://gamaenlinea.com/es/cambur-manzano-1300-kg/p/25000040,Available,2026-02-21T17:39:32.302376
cambur,08FRUV,GALLETAS INTEGRALES DE AVENA CAMBUR Y MIEL RENATA 150 GR,"Ref. 1,75",1.75,,https://gamaenlinea.com/es/galletas-integrales-avena-cambur-miel-renata-150-gr/p/10034533,Available,2026-02-21T17:39:32.445725
cambur,08FRUV,SHAMPOO BAMBU PANTENE 400 ML,"Ref. 13,46",13.46,,https://gamaenlinea.com/es/shampoo-bambu-pantene-400-ml/p/50014905,Available,2026-02-21T17:39:32.554378
cambur,08FRUV,ACONDICIONADOR BAMBU PANTENE 400 ML,"Ref. 12,64",12.64,,https://gamaenlinea.com/es/acondicionador-bambu-pantene-400-ml/p/50014904,Available,2026-02-21T17:39:32.669572
zanahoria,08FRUV,TORTA DE ZANAHORIA 1 UN,"Ref. 22,30",22.3,,https://gamaenlinea.com/es/torta-zanahoria-1-un/p/29000370,Available,2026-02-21T17:40:01.441785
zanahoria,08FRUV,"JUGO NARANJA ZANAHORIA GAMA 1,5 LT","Ref. 8,99",8.99,,https://gamaenlinea.com/es/jugo-naranja-zanahoria-gama-15-lt/p/25000341,Available,2026-02-21T17:40:01.557458
zanahoria,08FRUV,JUGO NARANJA ZANAHORIA GAMA 500 CC,"Ref. 4,49",4.49,,https://gamaenlinea.com/es/jugo-naranja-zanahoria-gama-500-cc/p/25000342,Available,2026-02-21T17:40:01.660912
zanahoria,08FRUV,ZANAHORIA 500 GR,"Ref. 1,20",1.2,,https://gamaenlinea.com/es/zanahoria-500-gr/p/25000200,Available,2026-02-21T17:40:01.766166
zanahoria,08FRUV,ZANAHORIA BEBE GOURMET 250 GR,"Ref. 4,69",4.69,,https://gamaenlinea.com/es/zanahoria-bebe-gourmet-250-gr/p/30001437,Available,2026-02-21T17:40:01.931591
limon,08FRUV,NESTEA DE LIMON 500 ML,"Ref. 1,75",1.75,,https://gamaenlinea.com/es/nestea-limon-500-ml/p/29001304,Available,2026-02-21T17:40:41.277482
limon,08FRUV,LAVAPLATOS LIQUIDO LIMON GAMA 828 ML,"Ref. 3,89",3.89,,https://gamaenlinea.com/es/lavaplatos-liquido-limon-gama-828-ml/p/60007076,Available,2026-02-21T17:40:41.379691
limon,08FRUV,JUGO DE LIMON 100% NATURAL 500 CC,"Ref. 3,67",3.67,,https://gamaenlinea.com/es/jugo-limon-100-natural-500-cc/p/25000343,Available,2026-02-21T17:40:41.476487
limon,08FRUV,LIMON 500 GR,"Ref. 1,20",1.2,,https://gamaenlinea.com/es/limon-500-gr/p/25000098,Available,2026-02-21T17:40:41.575770
limon,08FRUV,LIMON CLIGHT 9 GR,"Ref. 0,93",0.93,,https://gamaenlinea.com/es/limon-clight-9-gr/p/10035574,Available,2026-02-21T17:40:41.673224
pimenton,08FRUV,ACEITUNAS RELLENAS DE PIMENTON 300 GR,"Ref. 3,50",3.5,,https://gamaenlinea.com/es/aceitunas-rellenas-pimenton-300-gr/p/27000004,Available,2026-02-21T17:41:12.260473
pimenton,08FRUV,PIMENTÓN LARGO 500 GR,"Ref. 1,80",1.8,,https://gamaenlinea.com/es/pimenton-largo-500-gr/p/25000139,Available,2026-02-21T17:41:12.388113
pimenton,08FRUV,PIMENTON REDONDO 500 GR,"Ref. 1,41",1.41,,https://gamaenlinea.com/es/pimenton-redondo-500-gr/p/25000138,Available,2026-02-21T17:41:12.494286
pimenton,08FRUV,PIMENTON ESPAÑOL IBERIA 62 GR,"Ref. 5,56",5.56,,https://gamaenlinea.com/es/pimenton-espanol-iberia-62-gr/p/10002012,Available,2026-02-21T17:41:12.609103
pimenton,08FRUV,PIMENTÓN ESPAÑOL MCCORMICK 61 GR,"Ref. 5,83",5.83,,https://gamaenlinea.com/es/pimenton-espanol-mccormick-61-gr/p/10000654,Available,2026-02-21T17:41:12.758619
ajo,08FRUV,SALSA DE AJO GAMA 300 CC,"Ref. 3,05",3.05,,https://gamaenlinea.com/es/salsa-ajo-gama-300-cc/p/10014777,Available,2026-02-21T17:41:41.406207
ajo,08FRUV,SALSA DE AJO GAMA 150 CC,"Ref. 1,81",1.81,,https://gamaenlinea.com/es/salsa-ajo-gama-150-cc/p/10014778,Available,2026-02-21T17:41:41.507706
ajo,08FRUV,AJO CRIOLLO PELADO GAMA 170 GR,"Ref. 2,63",2.63,,https://gamaenlinea.com/es/ajo-criollo-pelado-gama-170-gr/p/25001123,Available,2026-02-21T17:41:41.604842
ajo,08FRUV,SALSA DE AJO MCCORMICK 150 ML,"Ref. 2,10",2.1,,https://gamaenlinea.com/es/salsa-ajo-mccormick-150-ml/p/10000684,Available,2026-02-21T17:41:41.801647
papaya,08FRUV,"LECHOSA TIPO PAPAYA 2,000 KG","Ref. 2,40",2.4,,https://gamaenlinea.com/es/lechosa-tipo-papaya-2000-kg/p/25000213,Available,2026-02-21T17:42:22.204711
papaya,08FRUV,JABÓN MICELAR PASIÓN DE PAPAYA DALAN 378 GR 3 UN,"Ref. 4,88",4.88,,https://gamaenlinea.com/es/jabon-micelar-pasion-papaya-dalan-378-gr-3-un/p/50014658,Available,2026-02-21T17:42:22.326207
lechuga,08FRUV,LECHUGA CRIOLLA 400 GR,"Ref. 1,50",1.5,,https://gamaenlinea.com/es/lechuga-criolla-400-gr/p/25000093,Available,2026-02-21T17:42:51.346165
lechuga,08FRUV,LECHUGA ROMANA 500 GR,"Ref. 1,50",1.5,,https://gamaenlinea.com/es/lechuga-romana-500-gr/p/25000094,Available,2026-02-21T17:42:51.434231
lechuga,08FRUV,LECHUGA AMERICANA 500 GR,"Ref. 1,50",1.5,,https://gamaenlinea.com/es/lechuga-americana-500-gr/p/25000092,Available,2026-02-21T17:42:51.528255
lechuga,08FRUV,LECHUGA ROMANA COMPUESTOS DEL CAMPO 2 UN,"Ref. 3,46",3.46,,https://gamaenlinea.com/es/lechuga-romana-compuestos-del-campo-2-un/p/30009815,Available,2026-02-21T17:42:51.572035
lechuga,08FRUV,ENSALADA DE LECHUGA MIXTA HIDROPONIAS 150 GR,"Ref. 3,25",3.25,,https://gamaenlinea.com/es/ensalada-lechuga-mixta-hidroponias-150-gr/p/30010449,Available,2026-02-21T17:42:51.668000
brocoli,08FRUV,BROCOLI COMPUESTO DEL CAMPO 1 UN,"Ref. 3,79",3.79,,https://gamaenlinea.com/es/brocoli-compuesto-del-campo-1-un/p/30009486,Available,2026-02-21T17:43:20.918355
brocoli,08FRUV,BROCOLI EN BANDEJA 500 GR,"Ref. 2,65",2.65,,https://gamaenlinea.com/es/brocoli-bandeja-500-gr/p/25000839,Available,2026-02-21T17:43:21.034380
brocoli,08FRUV,FLORETES DE BRÓCOLI FRESH PACK 250 GR,"Ref. 3,59",3.59,,https://gamaenlinea.com/es/floretes-brocoli-fresh-pack-250-gr/p/30009952,Available,2026-02-21T17:43:21.137288
brocoli,08FRUV,BRÓCOLI EN BANDEJA HIDROPONIAS 300 GR,"Ref. 4,30",4.3,,https://gamaenlinea.com/es/brocoli-bandeja-hidroponias-300-gr/p/30010032,Available,2026-02-21T17:43:21.239045
brocoli,08FRUV,BROCOLI ANDINO SIN HOJAS 600 GR,"Ref. 2,66",2.66,,https://gamaenlinea.com/es/brocoli-andino-sin-hojas-600-gr/p/25000029,Available,2026-02-21T17:43:21.343948
manzana,08FRUV,STRUDEL DE MANZANA GAMA 1 UN,"Ref. 2,00",2.0,,https://gamaenlinea.com/es/strudel-manzana-gama-1-un/p/29008755,Available,2026-02-21T17:44:00.558400
manzana,08FRUV,MANZANA GALA 680 GR,"Ref. 5,37",5.37,,https://gamaenlinea.com/es/manzana-gala-680-gr/p/25000363,Available,2026-02-21T17:44:01.015843
manzana,08FRUV,MANZANAS AMARILLAS 700 GR,"Ref. 6,19",6.19,,https://gamaenlinea.com/es/manzanas-amarillas-700-gr/p/25000117,Available,2026-02-21T17:44:01.140310
naranja,08FRUV,JUGO DE NARANJA 100% NATURAL GAMA 500 CC,"Ref. 3,09",3.09,,https://gamaenlinea.com/es/jugo-naranja-100-natural-gama-500-cc/p/25000934,Available,2026-02-21T17:44:30.874898
naranja,08FRUV,"JUGO DE NARANJA 100% NATURAL GAMA 1,5 L","Ref. 9,07",9.07,,https://gamaenlinea.com/es/jugo-naranja-100-natural-gama-15-l/p/25000936,Available,2026-02-21T17:44:30.990728
naranja,08FRUV,"NARANJA FANTA 1,5LT","Ref. 1,25",1.25,,https://gamaenlinea.com/es/naranja-fanta-15lt/p/10035882,Available,2026-02-21T17:44:31.102975
