nombre,precio_bs,precio_usd,precio_raw,categoria_emporium,search_term,url,bcv_rate,scraped_at
POLLO ENTERO XUND,3580.78,8.9,"Bs.3,580.78",03CARN,pollo entero,https://www.plansuarez.com/index.php?route=product/product&product_id=16675&search=pollo+entero,402.3343,2026-02-21T14:16:58.420504
PAPEL HIG ROSAL PLUS 4ROLL 400HOJAS NARANJA,1136.31,2.8243,"Bs.1,136.31",03CARN,pollo entero,https://www.plansuarez.com/index.php?route=product/product&product_id=3340,402.3343,2026-02-21T14:16:58.444001
ARCOS DENTALES GALACTIC X30UND,933.42,2.32,Bs.933.42,03CARN,pollo entero,https://www.plansuarez.com/index.php?route=product/product&product_id=10834,402.3343,2026-02-21T14:16:58.493927
HUEVOS EL TUNAL 30UND,2293.31,5.7,"Bs.2,293.31",03CARN,pollo entero,https://www.plansuarez.com/index.php?route=product/product&product_id=12764,402.3343,2026-02-21T14:16:58.519699
CARNE MOLIDA DE PRIMERA MAGRA X KG,5286.67,13.14,"Bs.5,286.67",03CARN,carne molida,https://www.plansuarez.com/index.php?route=product/product&product_id=6439&search=carne+molida,402.3343,2026-02-21T14:17:05.024420
CARNE MOLIDA X KG PLANSUAREZ,3983.11,9.9,"Bs.3,983.11",03CARN,carne molida,https://www.plansuarez.com/index.php?route=product/product&product_id=4592&search=carne+molida,402.3343,2026-02-21T14:17:05.044396
BANDEJA CONTRA MUSLO DE POLLO !700! GR,950.51,2.3625,Bs.950.51,03CARN,muslo pollo,https://www.plansuarez.com/index.php?route=product/product&product_id=11680&search=muslo+pollo,402.3343,2026-02-21T14:17:21.781633
BANDEJA MUSLO DE POLLO 2 UND !900! GR,1303.56,3.24,"Bs.1,303.56",03CARN,muslo pollo,https://www.plansuarez.com/index.php?route=product/product&product_id=19208&search=muslo+pollo,402.3343,2026-02-21T14:17:21.801517
BANDEJA CHULETA AHUMADA !500! G,2923.32,7.2659,"Bs.2,923.32",03CARN,chuleta,https://www.plansuarez.com/index.php?route=product/product&product_id=4650&search=chuleta,402.3343,2026-02-21T14:17:28.511255
CHULETA DE CERDO FRESCA X KG,4003.23,9.95,"Bs.4,003.23",03CARN,chuleta,https://www.plansuarez.com/index.php?route=product/product&product_id=5461&search=chuleta,402.3343,2026-02-21T14:17:28.531116
BANDEJA DE COSTILLITAS CHINAS !500! GR,1662.98,4.1333,"Bs.1,662.98",03CARN,costillitas,https://www.plansuarez.com/index.php?route=product/product&product_id=6330&search=costillitas,402.3343,2026-02-21T14:17:35.851924
HUESO DE CARNAZA 5/6 MERCADOU UPERNIL,2115.74,5.2587,"Bs.2,115.74",03CARN,pernil,https://www.plansuarez.com/index.php?route=product/product&product_id=34659&search=pernil,402.3343,2026-02-21T14:17:42.582640
PERNIL CON HUESO X KG,3908.4,9.7143,"Bs.3,908.40",03CARN,pernil,https://www.plansuarez.com/index.php?route=product/product&product_id=30436&search=pernil,402.3343,2026-02-21T14:17:42.602457
BANDEJA PECHUGA HERMO DE POLLO !300! GR,1381.46,3.4336,"Bs.1,381.46",03CARN,pechuga pollo,https://www.plansuarez.com/index.php?route=product/product&product_id=20986&search=pechuga+pollo,402.3343,2026-02-21T14:17:51.162117
BANDEJA PECHUGA MILLENNIUM DE POLLO !300! G,1267.58,3.1506,"Bs.1,267.58",03CARN,pechuga pollo,https://www.plansuarez.com/index.php?route=product/product&product_id=4646&search=pechuga+pollo,402.3343,2026-02-21T14:17:51.203707
PECHUGA PUNTA DE MONTE DE POLLO 800 G,3503.43,8.7078,"Bs.3,503.43",03CARN,pechuga pollo,https://www.plansuarez.com/index.php?route=product/product&product_id=6345&search=pechuga+pollo,402.3343,2026-02-21T14:17:51.225496
SNACK P/MASCOTAS GUARF 40GR PECHUGA D/POLLO,2177.97,5.4133,"Bs.2,177.97",03CARN,pechuga pollo,https://www.plansuarez.com/index.php?route=product/product&product_id=35903&search=pechuga+pollo,402.3343,2026-02-21T14:17:51.244687
BANDEJA HIGADO DE RES !500! GR,1535.31,3.816,"Bs.1,535.31",03CARN,higado,https://www.plansuarez.com/index.php?route=product/product&product_id=30240&search=higado,402.3343,2026-02-21T14:17:57.986463
HIGADO DE POLLO X KG,1321.96,3.2857,"Bs.1,321.96",03CARN,higado,https://www.plansuarez.com/index.php?route=product/product&product_id=30244&search=higado,402.3343,2026-02-21T14:17:58.007372
PASTA DE HIGADO OSCAR MAYER 113 G,766.09,1.9041,Bs.766.09,03CARN,higado,https://www.plansuarez.com/index.php?route=product/product&product_id=9607&search=higado,402.3343,2026-02-21T14:17:58.027292
PASTA DE HIGADO OSCAR MAYER 226GR,1355.14,3.3682,"Bs.1,355.14",03CARN,higado,https://www.plansuarez.com/index.php?route=product/product&product_id=29928&search=higado,402.3343,2026-02-21T14:17:58.048279
PASTA DE HIGADO TOVAR 230GR FINAS HIERB,1526.63,3.7944,"Bs.1,526.63",03CARN,higado,https://www.plansuarez.com/index.php?route=product/product&product_id=11722&search=higado,402.3343,2026-02-21T14:17:58.068980
PASTA DE HIGADO TOVAR 125 G,867.01,2.1549,Bs.867.01,03CARN,higado,https://www.plansuarez.com/index.php?route=product/product&product_id=29927&search=higado,402.3343,2026-02-21T14:17:58.090595
PASTA DE HIGADO TOVAR 125GR FINAS HIERBA,945.86,2.3509,Bs.945.86,03CARN,higado,https://www.plansuarez.com/index.php?route=product/product&product_id=9863&search=higado,402.3343,2026-02-21T14:17:58.111167
PASTA DE HIGADO TOVAR 230 G,1478.95,3.6759,"Bs.1,478.95",03CARN,higado,https://www.plansuarez.com/index.php?route=product/product&product_id=9608&search=higado,402.3343,2026-02-21T14:17:58.131037
PATE PURINA 5.5OZ HIGADO Y POLLO CAT ADULT,1468.26,3.6494,"Bs.1,468.26",03CARN,higado,https://www.plansuarez.com/index.php?route=product/product&product_id=34053&search=higado,402.3343,2026-02-21T14:17:58.150997
TRATAMIENTO PARA GATOS OCAT 50GR CARNE DE POLLO Y GRANULO DE PESCADO DE HIGADO,2292.84,5.6988,"Bs.2,292.84",03CARN,higado,https://www.plansuarez.com/index.php?route=product/product&product_id=9213&search=higado,402.3343,2026-02-21T14:17:58.171738
LUMPIAS PA QUE ELIAS 5UND MILANESA,3333.63,8.2857,"Bs.3,333.63",03CARN,milanesa,https://www.plansuarez.com/index.php?route=product/product&product_id=33607&search=milanesa,402.3343,2026-02-21T14:18:05.299540
MILANESA DE POLLO RORA 360GR GLUTEN FREE,3889.21,9.6666,"Bs.3,889.21",03CARN,milanesa,https://www.plansuarez.com/index.php?route=product/product&product_id=30464&search=milanesa,402.3343,2026-02-21T14:18:05.320249
MILANESA DE POLLO SKY CHEF 6X86GR,2973.11,7.3897,"Bs.2,973.11",03CARN,milanesa,https://www.plansuarez.com/index.php?route=product/product&product_id=3498&search=milanesa,402.3343,2026-02-21T14:18:05.344717
MILANESA DE POLLO X KG PLANSUAREZ,3017.51,7.5,"Bs.3,017.51",03CARN,milanesa,https://www.plansuarez.com/index.php?route=product/product&product_id=6320&search=milanesa,402.3343,2026-02-21T14:18:05.366103
BANDEJA BISTECK CORAZON DE RES PREEMP !500! GR,1404.15,3.49,"Bs.1,404.15",03CARN,bistec,https://www.plansuarez.com/index.php?route=product/product&product_id=35545&search=bistec,402.3343,2026-02-21T14:18:12.968497
BISTECK DE CERDO X KG PLANSUAREZ,5584.4,13.88,"Bs.5,584.40",03CARN,bistec,https://www.plansuarez.com/index.php?route=product/product&product_id=29379&search=bistec,402.3343,2026-02-21T14:18:12.990262
BISTECK DE RES X KG,5286.67,13.14,"Bs.5,286.67",03CARN,bistec,https://www.plansuarez.com/index.php?route=product/product&product_id=9416&search=bistec,402.3343,2026-02-21T14:18:13.013662
BANDEJA PATICAS DE COCHINO FRESCA !500! GR,1092.06,2.7143,"Bs.1,092.06",03CARN,cochino,https://www.plansuarez.com/index.php?route=product/product&product_id=19658&search=cochino,402.3343,2026-02-21T14:18:28.814768
BANDEJA RINONADA DE COCHINO !500! GR,583.38,1.45,Bs.583.38,03CARN,cochino,https://www.plansuarez.com/index.php?route=product/product&product_id=6326&search=cochino,402.3343,2026-02-21T14:18:28.855240
ACEITUNAS KRISOL 350GR C/QUESO,2520.23,6.264,"Bs.2,520.23",05CHAR,queso,https://www.plansuarez.com/index.php?route=product/product&product_id=36041&search=queso,402.3343,2026-02-21T14:18:52.183725
AREPA DE YUCA 450GR POLLO/QUESO 5UND,4355.93,10.8266,"Bs.4,355.93",05CHAR,queso,https://www.plansuarez.com/index.php?route=product/product&product_id=24397&search=queso,402.3343,2026-02-21T14:18:52.203766
AREPA DE YUCA 450GR QUESO 5UND,3858.14,9.5894,"Bs.3,858.14",05CHAR,queso,https://www.plansuarez.com/index.php?route=product/product&product_id=24396&search=queso,402.3343,2026-02-21T14:18:52.225952
BANDEJA DE QUESO BCO BAJO EN SAL !300!,1174.82,2.92,"Bs.1,174.82",05CHAR,queso,https://www.plansuarez.com/index.php?route=product/product&product_id=24127&search=queso,402.3343,2026-02-21T14:18:52.246126
BANDEJA QUESO AGUA LINDA AMARILLO !300! G,2349.64,5.84,"Bs.2,349.64",05CHAR,queso,https://www.plansuarez.com/index.php?route=product/product&product_id=4527&search=queso,402.3343,2026-02-21T14:18:52.263722
BANDEJA QUESO AGUA LINDA BLANCO !300! G,1866.84,4.64,"Bs.1,866.84",05CHAR,queso,https://www.plansuarez.com/index.php?route=product/product&product_id=4664&search=queso,402.3343,2026-02-21T14:18:52.282914
BANDEJA QUESO AGUA LINDA MOZZARELLA !300! G,1899.02,4.72,"Bs.1,899.02",05CHAR,queso,https://www.plansuarez.com/index.php?route=product/product&product_id=4486&search=queso,402.3343,2026-02-21T14:18:52.302277
BANDEJA QUESO AMARILLO CALICANTO !300! GR,2352.21,5.8464,"Bs.2,352.21",05CHAR,queso,https://www.plansuarez.com/index.php?route=product/product&product_id=4552&search=queso,402.3343,2026-02-21T14:18:52.321807
BANDEJA QUESO AMARILLO MIMOSA !300! GR,3731.43,9.2745,"Bs.3,731.43",05CHAR,queso,https://www.plansuarez.com/index.php?route=product/product&product_id=32017&search=queso,402.3343,2026-02-21T14:18:52.342404
BANDEJA QUESO BLANCO DON ARMANDO !500! G,2448.87,6.0867,"Bs.2,448.87",05CHAR,queso,https://www.plansuarez.com/index.php?route=product/product&product_id=7686&search=queso,402.3343,2026-02-21T14:18:52.360164
BANDEJA QUESO BLANCO PALMIZULIA !300! G,1528.87,3.8,"Bs.1,528.87",05CHAR,queso,https://www.plansuarez.com/index.php?route=product/product&product_id=6552&search=queso,402.3343,2026-02-21T14:18:52.381119
BANDEJA QUESO BUFALA SANTA MARIA FRESCO !300! G,1643.13,4.084,"Bs.1,643.13",05CHAR,queso,https://www.plansuarez.com/index.php?route=product/product&product_id=4375&search=queso,402.3343,2026-02-21T14:18:52.400965
BANDEJA JAMON L PRADO PAVO !300! G,1320.59,3.2823,"Bs.1,320.59",05CHAR,jamon,https://www.plansuarez.com/index.php?route=product/product&product_id=4665&search=jamon,402.3343,2026-02-21T14:18:59.245581
BANDEJA JAMON LPRADO PIERNA !300! G,1236.59,3.0735,"Bs.1,236.59",05CHAR,jamon,https://www.plansuarez.com/index.php?route=product/product&product_id=4659&search=jamon,402.3343,2026-02-21T14:18:59.264497
BANDEJA JAMON MALLORCA PIERNA !300! GR,1275.05,3.1691,"Bs.1,275.05",05CHAR,jamon,https://www.plansuarez.com/index.php?route=product/product&product_id=6048&search=jamon,402.3343,2026-02-21T14:18:59.287502
BANDEJA JAMON MILLENNIUM ESPALDA !300! G,1267.58,3.1506,"Bs.1,267.58",05CHAR,jamon,https://www.plansuarez.com/index.php?route=product/product&product_id=4597&search=jamon,402.3343,2026-02-21T14:18:59.307622
BANDEJA JAMON MILLENNIUM PIERNA !300! G,1286.25,3.197,"Bs.1,286.25",05CHAR,jamon,https://www.plansuarez.com/index.php?route=product/product&product_id=4598&search=jamon,402.3343,2026-02-21T14:18:59.329977
BANDEJA JAMON MILLENNIUM VISKING AHUMADO !300! G,1398.26,3.4754,"Bs.1,398.26",05CHAR,jamon,https://www.plansuarez.com/index.php?route=product/product&product_id=4617&search=jamon,402.3343,2026-02-21T14:18:59.348804
BANDEJA JAMON MOVILLA PAVO !300! G,1803.82,4.4834,"Bs.1,803.82",05CHAR,jamon,https://www.plansuarez.com/index.php?route=product/product&product_id=4620&search=jamon,402.3343,2026-02-21T14:18:59.370537
BANDEJA JAMON MOVILLA PAVO AHUMADO !300! GR,2241.6,5.5715,"Bs.2,241.60",05CHAR,jamon,https://www.plansuarez.com/index.php?route=product/product&product_id=4653&search=jamon,402.3343,2026-02-21T14:18:59.395494
BANDEJA JAMON MOVILLA PIERNA !300! G,1684.82,4.1876,"Bs.1,684.82",05CHAR,jamon,https://www.plansuarez.com/index.php?route=product/product&product_id=4621&search=jamon,402.3343,2026-02-21T14:18:59.440288
BANDEJA JAMON PLUMROSE PIERNA !300! G,1819.23,4.5217,"Bs.1,819.23",05CHAR,jamon,https://www.plansuarez.com/index.php?route=product/product&product_id=4649&search=jamon,402.3343,2026-02-21T14:18:59.459874
JAMON ALIMEX 150GR ENDIABLADO UNTABLE,914.75,2.2736,Bs.914.75,05CHAR,jamon,https://www.plansuarez.com/index.php?route=product/product&product_id=32226&search=jamon,402.3343,2026-02-21T14:18:59.479677
BANDEJA PECHUGA DE PAVO PLUMROSE COCIDA !300! G,2376.52,5.9068,"Bs.2,376.52",05CHAR,pechuga pavo,https://www.plansuarez.com/index.php?route=product/product&product_id=28909&search=pechuga+pavo,402.3343,2026-02-21T14:19:06.016629
BANDEJA PECHUGA RICCI PAVO AHUMADO !300! G,2053.52,5.104,"Bs.2,053.52",05CHAR,pechuga pavo,https://www.plansuarez.com/index.php?route=product/product&product_id=7689&search=pechuga+pavo,402.3343,2026-02-21T14:19:06.035713
BANDEJA MORTADELA RICCI TAPARA !300! GR,1968.22,4.892,"Bs.1,968.22",05CHAR,mortadela,https://www.plansuarez.com/index.php?route=product/product&product_id=5496&search=mortadela,402.3343,2026-02-21T14:19:12.765719
MORTADELA ALIVAL POLLO 1KG,1716.64,4.2667,"Bs.1,716.64",05CHAR,mortadela,https://www.plansuarez.com/index.php?route=product/product&product_id=6198&search=mortadela,402.3343,2026-02-21T14:19:12.788191
MORTADELA CARACAS 1KG ESPECIAL,1925.85,4.7867,"Bs.1,925.85",05CHAR,mortadela,https://www.plansuarez.com/index.php?route=product/product&product_id=36151&search=mortadela,402.3343,2026-02-21T14:19:12.809772
MORTADELA CARACAS X KG ESPECIAL,2038.51,5.0667,"Bs.2,038.51",05CHAR,mortadela,https://www.plansuarez.com/index.php?route=product/product&product_id=36152&search=mortadela,402.3343,2026-02-21T14:19:12.840946
MORTADELA DEL CORRAL 1KG POLLO,2145.77,5.3333,"Bs.2,145.77",05CHAR,mortadela,https://www.plansuarez.com/index.php?route=product/product&product_id=9899&search=mortadela,402.3343,2026-02-21T14:19:12.874029
MORTADELA PLUMROSE 1 KG ESPECIAL,1705.9,4.24,"Bs.1,705.90",05CHAR,mortadela,https://www.plansuarez.com/index.php?route=product/product&product_id=3804&search=mortadela,402.3343,2026-02-21T14:19:12.894190
MORTADELA PLUMROSE 1 KG POLLO ESPECIAL,2132.05,5.2992,"Bs.2,132.05",05CHAR,mortadela,https://www.plansuarez.com/index.php?route=product/product&product_id=3805&search=mortadela,402.3343,2026-02-21T14:19:12.918535
MORTADELA PUNTA DE MONTE POLLO 1 KG,2414.01,6.0,"Bs.2,414.01",05CHAR,mortadela,https://www.plansuarez.com/index.php?route=product/product&product_id=6341&search=mortadela,402.3343,2026-02-21T14:19:12.939233
MORTADELA RICCI EXTRA X KG,3529.8,8.7733,"Bs.3,529.80",05CHAR,mortadela,https://www.plansuarez.com/index.php?route=product/product&product_id=20208&search=mortadela,402.3343,2026-02-21T14:19:12.961814
SALCHICHAS PLUMROSE 400GR POLACA DELI,3994.09,9.9273,"Bs.3,994.09",05CHAR,salchicha,https://www.plansuarez.com/index.php?route=product/product&product_id=4622&search=salchicha,402.3343,2026-02-21T14:19:19.530540
SALCHICHAS WIENERS PLUMROSE 460 G,4045.05,10.054,"Bs.4,045.05",05CHAR,salchicha,https://www.plansuarez.com/index.php?route=product/product&product_id=4658&search=salchicha,402.3343,2026-02-21T14:19:19.558155
SALCHICHA OSCARMAYER CON TOCINETA,3735.34,9.2842,"Bs.3,735.34",05CHAR,salchicha,https://www.plansuarez.com/index.php?route=product/product&product_id=29888&search=salchicha,402.3343,2026-02-21T14:19:19.583593
SALCHICHAS ALIMEX 225GR VIENA,1468.57,3.6501,"Bs.1,468.57",05CHAR,salchicha,https://www.plansuarez.com/index.php?route=product/product&product_id=32896&search=salchicha,402.3343,2026-02-21T14:19:19.611541
SALCHICHAS FIESTA 12UND POLLO ECONOMICA,1807.59,4.4928,"Bs.1,807.59",05CHAR,salchicha,https://www.plansuarez.com/index.php?route=product/product&product_id=6061&search=salchicha,402.3343,2026-02-21T14:19:19.633928
SALCHICHAS FIESTA 450 G VIENA LARGA,2735.15,6.7982,"Bs.2,735.15",05CHAR,salchicha,https://www.plansuarez.com/index.php?route=product/product&product_id=4663&search=salchicha,402.3343,2026-02-21T14:19:19.657452
SALCHICHAS FIESTA VIENA CORTA,1807.59,4.4928,"Bs.1,807.59",05CHAR,salchicha,https://www.plansuarez.com/index.php?route=product/product&product_id=5343&search=salchicha,402.3343,2026-02-21T14:19:19.693649
SALCHICHAS HERMO 225GR KIDS,1792.15,4.4544,"Bs.1,792.15",05CHAR,salchicha,https://www.plansuarez.com/index.php?route=product/product&product_id=9612&search=salchicha,402.3343,2026-02-21T14:19:19.714918
SALCHICHAS HERMO 6UND WIENERS LARGA,2246.41,5.5834,"Bs.2,246.41",05CHAR,salchicha,https://www.plansuarez.com/index.php?route=product/product&product_id=29302&search=salchicha,402.3343,2026-02-21T14:19:19.756423
SALCHICHAS HERMO 8UND WIENERS CORTA,2246.41,5.5834,"Bs.2,246.41",05CHAR,salchicha,https://www.plansuarez.com/index.php?route=product/product&product_id=29303&search=salchicha,402.3343,2026-02-21T14:19:19.775625
SALCHICHAS HERMO KIDS 400GR,2688.24,6.6816,"Bs.2,688.24",05CHAR,salchicha,https://www.plansuarez.com/index.php?route=product/product&product_id=9611&search=salchicha,402.3343,2026-02-21T14:19:19.794891
SALCHICHAS JUMBO OSCAR MAYER 330 G,3931.48,9.7717,"Bs.3,931.48",05CHAR,salchicha,https://www.plansuarez.com/index.php?route=product/product&product_id=7069&search=salchicha,402.3343,2026-02-21T14:19:19.814271
BANDEJA TOCINETA AHUMADA !200! G,2161.52,5.3724,"Bs.2,161.52",05CHAR,tocineta,https://www.plansuarez.com/index.php?route=product/product&product_id=4648&search=tocineta,402.3343,2026-02-21T14:19:28.301331
CHISKESITOS MUNCHY 145GR TOCINETA,737.9,1.834,Bs.737.90,05CHAR,tocineta,https://www.plansuarez.com/index.php?route=product/product&product_id=9249&search=tocineta,402.3343,2026-02-21T14:19:28.322717
JAMON CON TOCINETA FIESTA 150GR UNTABLE,733.79,1.8238,Bs.733.79,05CHAR,tocineta,https://www.plansuarez.com/index.php?route=product/product&product_id=19363&search=tocineta,402.3343,2026-02-21T14:19:28.341609
QUESO FUNDIDO RIKESA 300GR TOCINETA,2694.46,6.6971,"Bs.2,694.46",05CHAR,tocineta,https://www.plansuarez.com/index.php?route=product/product&product_id=9549&search=tocineta,402.3343,2026-02-21T14:19:28.363060
SALSA FRITZ 240GR TOCINETA,2318.28,5.7621,"Bs.2,318.28",05CHAR,tocineta,https://www.plansuarez.com/index.php?route=product/product&product_id=6779&search=tocineta,402.3343,2026-02-21T14:19:28.402046
SALSA FRITZ 310GR PARA PASTA AMATRICIANA CON TOCINETA,1108.1,2.7542,"Bs.1,108.10",05CHAR,tocineta,https://www.plansuarez.com/index.php?route=product/product&product_id=34706&search=tocineta,402.3343,2026-02-21T14:19:28.422185
SALSA OSOLE 340GR PARA PASTA AMATRICIANA CON TOCINETA,1113.89,2.7686,"Bs.1,113.89",05CHAR,tocineta,https://www.plansuarez.com/index.php?route=product/product&product_id=28398&search=tocineta,402.3343,2026-02-21T14:19:28.443552
SNACK P/PERROS PUNKY PARTNERS 200GR TOCINETA,2395.77,5.9547,"Bs.2,395.77",05CHAR,tocineta,https://www.plansuarez.com/index.php?route=product/product&product_id=36022&search=tocineta,402.3343,2026-02-21T14:19:28.463585
SNACK TOCY BULLS 45GR TOCINETA,554.26,1.3776,Bs.554.26,05CHAR,tocineta,https://www.plansuarez.com/index.php?route=product/product&product_id=6247&search=tocineta,402.3343,2026-02-21T14:19:28.482302
TEQUENOS TEQUE MIX 15 UND QUESO TOCINETA,3795.88,9.4346,"Bs.3,795.88",05CHAR,tocineta,https://www.plansuarez.com/index.php?route=product/product&product_id=10953&search=tocineta,402.3343,2026-02-21T14:19:28.503570
TOCINETA MOVILLA 250 G AHUMADA REBANADA,2711.57,6.7396,"Bs.2,711.57",05CHAR,tocineta,https://www.plansuarez.com/index.php?route=product/product&product_id=4567&search=tocineta,402.3343,2026-02-21T14:19:28.522925
Bandeja Chorizo LEONESA Rioja Corto !300! GR,5970.53,14.8397,"Bs.5,970.53",05CHAR,chorizo,https://www.plansuarez.com/index.php?route=product/product&product_id=11482&search=chorizo,402.3343,2026-02-21T14:19:37.173354
CHORIZO AHUMADO MONTSERRATINA 5UND,2835.53,7.0477,"Bs.2,835.53",05CHAR,chorizo,https://www.plansuarez.com/index.php?route=product/product&product_id=29797&search=chorizo,402.3343,2026-02-21T14:19:37.213039
CHORIZO DE AJO MONTSERRATINA 5UND,2835.53,7.0477,"Bs.2,835.53",05CHAR,chorizo,https://www.plansuarez.com/index.php?route=product/product&product_id=29675&search=chorizo,402.3343,2026-02-21T14:19:37.234188
CHORIZO MONTSERRATINA 115GR AHUMADO UNTABLE,966.08,2.4012,Bs.966.08,05CHAR,chorizo,https://www.plansuarez.com/index.php?route=product/product&product_id=19188&search=chorizo,402.3343,2026-02-21T14:19:37.254131
CHORIZO MONTSERRATINA 5UND AHUMADO,2835.53,7.0477,"Bs.2,835.53",05CHAR,chorizo,https://www.plansuarez.com/index.php?route=product/product&product_id=29676&search=chorizo,402.3343,2026-02-21T14:19:37.274473
BANDEJA QUESO NAPOLITANA MOZZARELLA !300! G,2280.03,5.667,"Bs.2,280.03",05CHAR,mozzarella,https://www.plansuarez.com/index.php?route=product/product&product_id=4376&search=mozzarella,402.3343,2026-02-21T14:19:49.425064
QUESO BUFALINDA 300 G MOZZARELLA JUNIOR,2569.59,6.3867,"Bs.2,569.59",05CHAR,mozzarella,https://www.plansuarez.com/index.php?route=product/product&product_id=24445&search=mozzarella,402.3343,2026-02-21T14:19:49.448889
QUESO LA GUANOTA MOZZARELLA X KG,4559.77,11.3333,"Bs.4,559.77",05CHAR,mozzarella,https://www.plansuarez.com/index.php?route=product/product&product_id=34658&search=mozzarella,402.3343,2026-02-21T14:19:49.471385
QUESO MONTESANO MOZZARELLA X KG,6866.52,17.0667,"Bs.6,866.52",05CHAR,mozzarella,https://www.plansuarez.com/index.php?route=product/product&product_id=34527&search=mozzarella,402.3343,2026-02-21T14:19:49.503460
QUESO MOZZARELLA DEL CASTILLO KIDS S/LACTOSA X KG,8615.31,21.4133,"Bs.8,615.31",05CHAR,mozzarella,https://www.plansuarez.com/index.php?route=product/product&product_id=33957&search=mozzarella,402.3343,2026-02-21T14:19:49.534247
QUESO PALMIRA MOZZARELLA X KG,4720.71,11.7333,"Bs.4,720.71",05CHAR,mozzarella,https://www.plansuarez.com/index.php?route=product/product&product_id=32054&search=mozzarella,402.3343,2026-02-21T14:19:49.562413
QUESO AMARILLO PALMIRA X KG EDAM,6845.04,17.0133,"Bs.6,845.04",05CHAR,queso amarillo,https://www.plansuarez.com/index.php?route=product/product&product_id=32050&search=queso+amarillo,402.3343,2026-02-21T14:19:56.315884
BANDEJA QUESO PAISA BLANCO !300! GR,2726.22,6.776,"Bs.2,726.22",05CHAR,queso blanco,https://www.plansuarez.com/index.php?route=product/product&product_id=5676&search=queso+blanco,402.3343,2026-02-21T14:20:03.591381
QUESO BLANCO MONTESANO PASTEURIZADO X KG,6142.32,15.2667,"Bs.6,142.32",05CHAR,queso blanco,https://www.plansuarez.com/index.php?route=product/product&product_id=34525&search=queso+blanco,402.3343,2026-02-21T14:20:03.609826
BANDEJA QUESO MUNSTER PAISA !300! G,3672.84,9.1288,"Bs.3,672.84",05CHAR,queso paisa,https://www.plansuarez.com/index.php?route=product/product&product_id=11459&search=queso+paisa,402.3343,2026-02-21T14:20:10.424290
BANDEJA QUESO TIPO PAISA PEKASS !300! GR,1448.4,3.6,"Bs.1,448.40",05CHAR,queso paisa,https://www.plansuarez.com/index.php?route=product/product&product_id=24307&search=queso+paisa,402.3343,2026-02-21T14:20:10.472623
QUESO PAISA 200GR EN CREMA,3098.94,7.7024,"Bs.3,098.94",05CHAR,queso paisa,https://www.plansuarez.com/index.php?route=product/product&product_id=5138&search=queso+paisa,402.3343,2026-02-21T14:20:10.494123
PALETA DE CORDERO EL REMANZO X KG,6552.57,16.2864,"Bs.6,552.57",05CHAR,paleta,https://www.plansuarez.com/index.php?route=product/product&product_id=32671&search=paleta,402.3343,2026-02-21T14:20:29.472427
PALETAS DE MANUALIDADES 60UND COLORES SURTIDOS,490.04,1.218,Bs.490.04,05CHAR,paleta,https://www.plansuarez.com/index.php?route=product/product&product_id=33605&search=paleta,402.3343,2026-02-21T14:20:29.491486
PALETAS POINTER 50UND NATURAL,978.04,2.4309,Bs.978.04,05CHAR,paleta,https://www.plansuarez.com/index.php?route=product/product&product_id=33454&search=paleta,402.3343,2026-02-21T14:20:29.510057
PALETAS SYSABE 50UND COLORES SURT,962.58,2.3925,Bs.962.58,05CHAR,paleta,https://www.plansuarez.com/index.php?route=product/product&product_id=24803&search=paleta,402.3343,2026-02-21T14:20:29.530783
AREPAS DE PLATANO GOOD CHOICE 6UND,4667.07,11.6,"Bs.4,667.07",08FRUV,platano,https://www.plansuarez.com/index.php?route=product/product&product_id=34912&search=platano,402.3343,2026-02-21T14:20:37.013566
BOCADILLO DE PLATANO LA ANDINA 12UND,1792.15,4.4544,"Bs.1,792.15",08FRUV,platano,https://www.plansuarez.com/index.php?route=product/product&product_id=24642&search=platano,402.3343,2026-02-21T14:20:37.054912
BOCADILLOS TOM 20UND PLATANO,1154.78,2.8702,"Bs.1,154.78",08FRUV,platano,https://www.plansuarez.com/index.php?route=product/product&product_id=32903&search=platano,402.3343,2026-02-21T14:20:37.072909
PLATANO CHIPS ISELITAS 140GRS CON SAL,1640.9,4.0784,"Bs.1,640.90",08FRUV,platano,https://www.plansuarez.com/index.php?route=product/product&product_id=16157&search=platano,402.3343,2026-02-21T14:20:37.091756
PLATANO CHIPS ISELITAS 85GR LIMON,1103.9,2.7437,"Bs.1,103.90",08FRUV,platano,https://www.plansuarez.com/index.php?route=product/product&product_id=28864&search=platano,402.3343,2026-02-21T14:20:37.111131
PLATANO ISELITAS 300GR CHIPS C/SAL,3023.01,7.5137,"Bs.3,023.01",08FRUV,platano,https://www.plansuarez.com/index.php?route=product/product&product_id=11984&search=platano,402.3343,2026-02-21T14:20:37.129740
PLATANO ISELITAS 85GR CHIPS C/SAL,993.62,2.4696,Bs.993.62,08FRUV,platano,https://www.plansuarez.com/index.php?route=product/product&product_id=11983&search=platano,402.3343,2026-02-21T14:20:37.149355
PLATANO X KG,1314.31,3.2667,"Bs.1,314.31",08FRUV,platano,https://www.plansuarez.com/index.php?route=product/product&product_id=3539&search=platano,402.3343,2026-02-21T14:20:37.168373
TEQUENOS TEQUE MIX 15 UND QUESO PLATANO,3298.09,8.1974,"Bs.3,298.09",08FRUV,platano,https://www.plansuarez.com/index.php?route=product/product&product_id=10951&search=platano,402.3343,2026-02-21T14:20:37.189149
BANDEJA PAPA !500! GR,254.82,0.6334,Bs.254.82,08FRUV,papa,https://www.plansuarez.com/index.php?route=product/product&product_id=3513&search=papa,402.3343,2026-02-21T14:20:45.324200
BANDEJA PAPAS LAVADA !500! GR,316.12,0.7857,Bs.316.12,08FRUV,papa,https://www.plansuarez.com/index.php?route=product/product&product_id=6533&search=papa,402.3343,2026-02-21T14:20:45.343175
ESMALTE VALMY #288 9CM3 PAPAUPA,952.08,2.3664,Bs.952.08,08FRUV,papa,https://www.plansuarez.com/index.php?route=product/product&product_id=33162&search=papa,402.3343,2026-02-21T14:20:45.366017
JABON DALAN 125GR X3UND MICELAR PAPAYA,1943.23,4.8299,"Bs.1,943.23",08FRUV,papa,https://www.plansuarez.com/index.php?route=product/product&product_id=7978&search=papa,402.3343,2026-02-21T14:20:45.392827
MIEL DE ABEJA GRACIAS PAPA 1LT,5364.44,13.3333,"Bs.5,364.44",08FRUV,papa,https://www.plansuarez.com/index.php?route=product/product&product_id=30339&search=papa,402.3343,2026-02-21T14:20:45.413750
NOQUIS DE PAPA DE CECCO 500GR INTEGRAL,2303.36,5.725,"Bs.2,303.36",08FRUV,papa,https://www.plansuarez.com/index.php?route=product/product&product_id=35808&search=papa,402.3343,2026-02-21T14:20:45.437249
PAPA PUNCH ON MUNCHY 150GR CON SAL,1406.35,3.4955,"Bs.1,406.35",08FRUV,papa,https://www.plansuarez.com/index.php?route=product/product&product_id=17579&search=papa,402.3343,2026-02-21T14:20:45.457711
PAPAS BULLS SNACKS 100GR CREMA Y CEBOLLA,1425.01,3.5419,"Bs.1,425.01",08FRUV,papa,https://www.plansuarez.com/index.php?route=product/product&product_id=32683&search=papa,402.3343,2026-02-21T14:20:45.498481
PAPAS BULLS SNACKS 100GR NATURAL,1425.01,3.5419,"Bs.1,425.01",08FRUV,papa,https://www.plansuarez.com/index.php?route=product/product&product_id=32682&search=papa,402.3343,2026-02-21T14:20:45.541904
PAPAS CRUSTISSIMO 115GR BBQ,1406.33,3.4954,"Bs.1,406.33",08FRUV,papa,https://www.plansuarez.com/index.php?route=product/product&product_id=33638&search=papa,402.3343,2026-02-21T14:20:45.560539
PAPAS CRUSTISSIMO 115GR LIMON Y PIMIENTA,1406.33,3.4954,"Bs.1,406.33",08FRUV,papa,https://www.plansuarez.com/index.php?route=product/product&product_id=33639&search=papa,402.3343,2026-02-21T14:20:45.582018
AJO MCCORMICK 116GR ROSTIZADO CON TOMATE,1807.73,4.4931,"Bs.1,807.73",08FRUV,tomate,https://www.plansuarez.com/index.php?route=product/product&product_id=19799&search=tomate,402.3343,2026-02-21T14:20:52.326484
BANDEJA TOMATE PERITA !500! GR,281.63,0.7,Bs.281.63,08FRUV,tomate,https://www.plansuarez.com/index.php?route=product/product&product_id=28878&search=tomate,402.3343,2026-02-21T14:20:52.344549
PASSATA OSOLE 720ML TOMATE NATURAL,2209.08,5.4907,"Bs.2,209.08",08FRUV,tomate,https://www.plansuarez.com/index.php?route=product/product&product_id=33830&search=tomate,402.3343,2026-02-21T14:20:52.363457
PASTA DE TOMATE EUREKA 500GR,1904.16,4.7328,"Bs.1,904.16",08FRUV,tomate,https://www.plansuarez.com/index.php?route=product/product&product_id=7388&search=tomate,402.3343,2026-02-21T14:20:52.384491
PASTA DE TOMATE LAILA 200GR,466.7,1.16,Bs.466.70,08FRUV,tomate,https://www.plansuarez.com/index.php?route=product/product&product_id=30800&search=tomate,402.3343,2026-02-21T14:20:52.402558
PASTA DE TOMATE PLANSUAREZ 200GR,862.95,2.1449,Bs.862.95,08FRUV,tomate,https://www.plansuarez.com/index.php?route=product/product&product_id=29083&search=tomate,402.3343,2026-02-21T14:20:52.421531
PASTA DE TOMATE PLANSUAREZ 500GR,1744.56,4.3361,"Bs.1,744.56",08FRUV,tomate,https://www.plansuarez.com/index.php?route=product/product&product_id=26755&search=tomate,402.3343,2026-02-21T14:20:52.440540
PASTA DE TOMATE TIQ FLORES 505GR,2177.47,5.4121,"Bs.2,177.47",08FRUV,tomate,https://www.plansuarez.com/index.php?route=product/product&product_id=4587&search=tomate,402.3343,2026-02-21T14:20:52.458022
PURE DE TOMATE HEINZ 490GR,1585.82,3.9415,"Bs.1,585.82",08FRUV,tomate,https://www.plansuarez.com/index.php?route=product/product&product_id=4645&search=tomate,402.3343,2026-02-21T14:20:52.478603
QUESO ANANKE 200 G DE CABRA TOMATE,2993.14,7.4394,"Bs.2,993.14",08FRUV,tomate,https://www.plansuarez.com/index.php?route=product/product&product_id=9859&search=tomate,402.3343,2026-02-21T14:20:52.496573
QUESO CREMA BUFIKRIM 250 G C/TOMATE SEC,2607.34,6.4805,"Bs.2,607.34",08FRUV,tomate,https://www.plansuarez.com/index.php?route=product/product&product_id=24450&search=tomate,402.3343,2026-02-21T14:20:52.514368
SALSA DE TOMATE EUREKA 397GR,939.63,2.3354,Bs.939.63,08FRUV,tomate,https://www.plansuarez.com/index.php?route=product/product&product_id=29985&search=tomate,402.3343,2026-02-21T14:20:52.533517
BANDEJA CEBOLLA !300! GR,155.18,0.3857,Bs.155.18,08FRUV,cebolla,https://www.plansuarez.com/index.php?route=product/product&product_id=28877&search=cebolla,402.3343,2026-02-21T14:20:59.340544
BANDEJA CEBOLLA MORADA !500! G,632.24,1.5714,Bs.632.24,08FRUV,cebolla,https://www.plansuarez.com/index.php?route=product/product&product_id=3544&search=cebolla,402.3343,2026-02-21T14:20:59.364767
CASABITO YUNE 80GR CEBOLLA,793.16,1.9714,Bs.793.16,08FRUV,cebolla,https://www.plansuarez.com/index.php?route=product/product&product_id=8843&search=cebolla,402.3343,2026-02-21T14:20:59.382715
CEBOLLA BADIA 77.96GR EN POLVO,2081.26,5.173,"Bs.2,081.26",08FRUV,cebolla,https://www.plansuarez.com/index.php?route=product/product&product_id=15877&search=cebolla,402.3343,2026-02-21T14:20:59.401112
CEBOLLA BADIA 7796GR POLVO,2081.26,5.173,"Bs.2,081.26",08FRUV,cebolla,https://www.plansuarez.com/index.php?route=product/product&product_id=11034&search=cebolla,402.3343,2026-02-21T14:20:59.421787
CEBOLLA CEBOFRITAS 130GR CRISPY,2763.75,6.8693,"Bs.2,763.75",08FRUV,cebolla,https://www.plansuarez.com/index.php?route=product/product&product_id=29764&search=cebolla,402.3343,2026-02-21T14:20:59.440411
CEBOLLA INDIAN 55GR POLVO,1198.8,2.9796,"Bs.1,198.80",08FRUV,cebolla,https://www.plansuarez.com/index.php?route=product/product&product_id=12870&search=cebolla,402.3343,2026-02-21T14:20:59.461141
CEBOLLA MCCORMICK 75GR MOLIDA,1774.5,4.4105,"Bs.1,774.50",08FRUV,cebolla,https://www.plansuarez.com/index.php?route=product/product&product_id=4611&search=cebolla,402.3343,2026-02-21T14:20:59.478437
CHAMPU BABARIA CEBOLLA 700ML,6409.45,15.9307,"Bs.6,409.45",08FRUV,cebolla,https://www.plansuarez.com/index.php?route=product/product&product_id=8876&search=cebolla,402.3343,2026-02-21T14:20:59.497534
MASCARILLA BABARIA 400GR CEBOLLA,6409.45,15.9307,"Bs.6,409.45",08FRUV,cebolla,https://www.plansuarez.com/index.php?route=product/product&product_id=16336&search=cebolla,402.3343,2026-02-21T14:20:59.517176
PAN FRITO ARABE ARABITO 160GRS CON CEBOLLA,2671.9,6.641,"Bs.2,671.90",08FRUV,cebolla,https://www.plansuarez.com/index.php?route=product/product&product_id=28920&search=cebolla,402.3343,2026-02-21T14:20:59.539323
ACEITE KALDINI 250ML AGUACATE,6490.36,16.1318,"Bs.6,490.36",08FRUV,aguacate,https://www.plansuarez.com/index.php?route=product/product&product_id=31708&search=aguacate,402.3343,2026-02-21T14:21:06.062888
BANDEJA AGUACATE !600! GR,1190.91,2.96,"Bs.1,190.91",08FRUV,aguacate,https://www.plansuarez.com/index.php?route=product/product&product_id=9298&search=aguacate,402.3343,2026-02-21T14:21:06.111651
ATOL NANA 225GR CAMBUR VERDE ARROZ Y PAPELON,1306.79,3.248,"Bs.1,306.79",08FRUV,cambur,https://www.plansuarez.com/index.php?route=product/product&product_id=34113&search=cambur,402.3343,2026-02-21T14:21:12.651715
CAMBUR X KG,482.8,1.2,Bs.482.80,08FRUV,cambur,https://www.plansuarez.com/index.php?route=product/product&product_id=5459&search=cambur,402.3343,2026-02-21T14:21:12.711508
COLADO COTOPERI 110GR CAMBUR,396.23,0.9848,Bs.396.23,08FRUV,cambur,https://www.plansuarez.com/index.php?route=product/product&product_id=35100&search=cambur,402.3343,2026-02-21T14:21:12.740305
COLADO COTOPERI 110GR CAMBUR FRESA,396.23,0.9848,Bs.396.23,08FRUV,cambur,https://www.plansuarez.com/index.php?route=product/product&product_id=35104&search=cambur,402.3343,2026-02-21T14:21:12.765379
HARINA HARINANA 500GR CAMBUR VERDE,1659.63,4.125,"Bs.1,659.63",08FRUV,cambur,https://www.plansuarez.com/index.php?route=product/product&product_id=26960&search=cambur,402.3343,2026-02-21T14:21:12.797495
YOGURT MIGURT 125GR CAMBUR,696.94,1.7322,Bs.696.94,08FRUV,cambur,https://www.plansuarez.com/index.php?route=product/product&product_id=27176&search=cambur,402.3343,2026-02-21T14:21:12.833756
BANDEJA ZANAHORIA !500! GR,339.11,0.8429,Bs.339.11,08FRUV,zanahoria,https://www.plansuarez.com/index.php?route=product/product&product_id=3529&search=zanahoria,402.3343,2026-02-21T14:21:19.865620
JUGO SANTAL 15LT ACT.NARANJA/ZANAHORIA,2476.66,6.1557,"Bs.2,476.66",08FRUV,zanahoria,https://www.plansuarez.com/index.php?route=product/product&product_id=4416&search=zanahoria,402.3343,2026-02-21T14:21:19.884146
MEZCLA DE TORTA TIGO 400GR ZANAHORIA,793.41,1.972,Bs.793.41,08FRUV,zanahoria,https://www.plansuarez.com/index.php?route=product/product&product_id=20562&search=zanahoria,402.3343,2026-02-21T14:21:19.904698
PAN SANDWICH PURO Y SIMPLE 500GR ZANAHORIA Y MIEL,2061.96,5.125,"Bs.2,061.96",08FRUV,zanahoria,https://www.plansuarez.com/index.php?route=product/product&product_id=9697&search=zanahoria,402.3343,2026-02-21T14:21:19.925193
PATE PURINA 5.5OZ POLLO Y ZANAHORIA CAT ADULT,1468.26,3.6494,"Bs.1,468.26",08FRUV,zanahoria,https://www.plansuarez.com/index.php?route=product/product&product_id=34054&search=zanahoria,402.3343,2026-02-21T14:21:19.945157
ZANAHORIA BEBE FINCA DOS AGUAS 250GR,1810.5,4.5,"Bs.1,810.50",08FRUV,zanahoria,https://www.plansuarez.com/index.php?route=product/product&product_id=21651&search=zanahoria,402.3343,2026-02-21T14:21:19.964558
LAVAPLATOS JOSOL 800ML LIMON,1288.25,3.2019,"Bs.1,288.25",08FRUV,limon,https://www.plansuarez.com/index.php?route=product/product&product_id=24208&search=limon,402.3343,2026-02-21T14:21:26.609055
AGUA CANAIMA 600ML SABORIZADA LIMON,340.51,0.8463,Bs.340.51,08FRUV,limon,https://www.plansuarez.com/index.php?route=product/product&product_id=6837&search=limon,402.3343,2026-02-21T14:21:26.627158
AGUA GASIF MIBRISA 500ML LIMON,367.16,0.9126,Bs.367.16,08FRUV,limon,https://www.plansuarez.com/index.php?route=product/product&product_id=10856&search=limon,402.3343,2026-02-21T14:21:26.647804
AGUA GASIF PETRICHOR 355ML LIMON SICILIANO,597.39,1.4848,Bs.597.39,08FRUV,limon,https://www.plansuarez.com/index.php?route=product/product&product_id=30182&search=limon,402.3343,2026-02-21T14:21:26.665866
ALIVET LIMON 500MG/2MG/10G X 6 SOBRES LETI,3250.86,8.08,"Bs.3,250.86",08FRUV,limon,https://www.plansuarez.com/index.php?route=product/product&product_id=18463&search=limon,402.3343,2026-02-21T14:21:26.685265
ARENA P/GATOS NEO CLEAN 415GR LIMON,3249.22,8.0759,"Bs.3,249.22",08FRUV,limon,https://www.plansuarez.com/index.php?route=product/product&product_id=35253&search=limon,402.3343,2026-02-21T14:21:26.703894
ATUN EVEBA 140GR AGUA Y LIMON,889.87,2.2118,Bs.889.87,08FRUV,limon,https://www.plansuarez.com/index.php?route=product/product&product_id=3999&search=limon,402.3343,2026-02-21T14:21:26.722471
ATUN LA FRAGUA 145GR LIMON,1359.3,3.3785,"Bs.1,359.30",08FRUV,limon,https://www.plansuarez.com/index.php?route=product/product&product_id=34740&search=limon,402.3343,2026-02-21T14:21:26.742364
BANDEJA LIMON INJERTO !500! GR,350.43,0.871,Bs.350.43,08FRUV,limon,https://www.plansuarez.com/index.php?route=product/product&product_id=3547&search=limon,402.3343,2026-02-21T14:21:26.761227
BARQUILLA PIRULIN 155GR LIMON LATA,2686.19,6.6765,"Bs.2,686.19",08FRUV,limon,https://www.plansuarez.com/index.php?route=product/product&product_id=32004&search=limon,402.3343,2026-02-21T14:21:26.782559
BASE DE LIMON KINDY 800ML LIGHT SIN AZUCAR,4355.93,10.8266,"Bs.4,355.93",08FRUV,limon,https://www.plansuarez.com/index.php?route=product/product&product_id=27006&search=limon,402.3343,2026-02-21T14:21:26.821040
ACEITUNA CASA DE FRUTA 180GR PIMENTON,596.31,1.4821,Bs.596.31,08FRUV,pimenton,https://www.plansuarez.com/index.php?route=product/product&product_id=10626&search=pimenton,402.3343,2026-02-21T14:21:33.389796
ACEITUNA EUREKA 500GR RELL PIMENTON,2974.48,7.3931,"Bs.2,974.48",08FRUV,pimenton,https://www.plansuarez.com/index.php?route=product/product&product_id=4582&search=pimenton,402.3343,2026-02-21T14:21:33.411635
ACEITUNA INDIAN 500GR RELL PIMENTON,2878.03,7.1533,"Bs.2,878.03",08FRUV,pimenton,https://www.plansuarez.com/index.php?route=product/product&product_id=6978&search=pimenton,402.3343,2026-02-21T14:21:33.433345
ACEITUNAS KRISOL 235GR C/PIMENTON,2109.52,5.2432,"Bs.2,109.52",08FRUV,pimenton,https://www.plansuarez.com/index.php?route=product/product&product_id=36045&search=pimenton,402.3343,2026-02-21T14:21:33.455942
ACEITUNAS RELLENAS C/PIMENTON X KG,4947.1,12.296,"Bs.4,947.10",08FRUV,pimenton,https://www.plansuarez.com/index.php?route=product/product&product_id=30434&search=pimenton,402.3343,2026-02-21T14:21:33.499530
BANDEJA PIMENTON !300! G,321.87,0.8,Bs.321.87,08FRUV,pimenton,https://www.plansuarez.com/index.php?route=product/product&product_id=3537&search=pimenton,402.3343,2026-02-21T14:21:33.521197
PIMENTON CARMENCITA 75GR AHUMADO DE LA VERA EN LATA,4307.58,10.7065,"Bs.4,307.58",08FRUV,pimenton,https://www.plansuarez.com/index.php?route=product/product&product_id=23989&search=pimenton,402.3343,2026-02-21T14:21:33.544311
PIMENTON DULCE CARMENCITA 75GR LATA CUADRADA,2863.32,7.1168,"Bs.2,863.32",08FRUV,pimenton,https://www.plansuarez.com/index.php?route=product/product&product_id=20144&search=pimenton,402.3343,2026-02-21T14:21:33.563050
PIMENTON INDIAN 50GR ESPANOL,1320.22,3.2814,"Bs.1,320.22",08FRUV,pimenton,https://www.plansuarez.com/index.php?route=product/product&product_id=12881&search=pimenton,402.3343,2026-02-21T14:21:33.583179
PIMENTON MCCORMICK 65GR ESPANOL,1937.65,4.816,"Bs.1,937.65",08FRUV,pimenton,https://www.plansuarez.com/index.php?route=product/product&product_id=19246&search=pimenton,402.3343,2026-02-21T14:21:33.602429
SARDINA EVEBA 125GR PIMENTON EN ACEITE,729.47,1.8131,Bs.729.47,08FRUV,pimenton,https://www.plansuarez.com/index.php?route=product/product&product_id=25011&search=pimenton,402.3343,2026-02-21T14:21:33.621038
ACEITE DE AJONJOLI ZUMEY 200ML,2538.89,6.3104,"Bs.2,538.89",08FRUV,ajo,https://www.plansuarez.com/index.php?route=product/product&product_id=30410&search=ajo,402.3343,2026-02-21T14:21:40.856167
AJO BADIA 85.05GR POLVO,2081.26,5.173,"Bs.2,081.26",08FRUV,ajo,https://www.plansuarez.com/index.php?route=product/product&product_id=15874&search=ajo,402.3343,2026-02-21T14:21:40.911106
AJO IBERIA 30GR POLVO PURO SOBRE,618.06,1.5362,Bs.618.06,08FRUV,ajo,https://www.plansuarez.com/index.php?route=product/product&product_id=8659&search=ajo,402.3343,2026-02-21T14:21:40.966193
AJO IBERIA 90 GR POLVO,1948.83,4.8438,"Bs.1,948.83",08FRUV,ajo,https://www.plansuarez.com/index.php?route=product/product&product_id=4612&search=ajo,402.3343,2026-02-21T14:21:41.016430
AJO INDIAN 55GR POLVO/PURO,1235.08,3.0698,"Bs.1,235.08",08FRUV,ajo,https://www.plansuarez.com/index.php?route=product/product&product_id=12612&search=ajo,402.3343,2026-02-21T14:21:41.070145
AJO INDIAN 65GR PLUS,1094.24,2.7197,"Bs.1,094.24",08FRUV,ajo,https://www.plansuarez.com/index.php?route=product/product&product_id=6642&search=ajo,402.3343,2026-02-21T14:21:41.126266
AJO MCCORMICK 105GR EN HIERBA,1807.73,4.4931,"Bs.1,807.73",08FRUV,ajo,https://www.plansuarez.com/index.php?route=product/product&product_id=23255&search=ajo,402.3343,2026-02-21T14:21:41.181075
AJO MCCORMICK 83GR PICADO,1807.73,4.4931,"Bs.1,807.73",08FRUV,ajo,https://www.plansuarez.com/index.php?route=product/product&product_id=3445&search=ajo,402.3343,2026-02-21T14:21:41.289120
AJO MCCORMICK 92GR MOLIDO,1807.73,4.4931,"Bs.1,807.73",08FRUV,ajo,https://www.plansuarez.com/index.php?route=product/product&product_id=4615&search=ajo,402.3343,2026-02-21T14:21:41.345494
AJO MIX MCCORMICK 100GR,1807.73,4.4931,"Bs.1,807.73",08FRUV,ajo,https://www.plansuarez.com/index.php?route=product/product&product_id=23253&search=ajo,402.3343,2026-02-21T14:21:41.397429
AJO PELADO EL ANDINITO 150 G NATURAL,977.11,2.4286,Bs.977.11,08FRUV,ajo,https://www.plansuarez.com/index.php?route=product/product&product_id=9292&search=ajo,402.3343,2026-02-21T14:21:41.451636
PAPAYA INDIANA X KG,470.73,1.17,Bs.470.73,08FRUV,papaya,https://www.plansuarez.com/index.php?route=product/product&product_id=6567&search=papaya,402.3343,2026-02-21T14:21:48.289087
LECHUGA ROMANA PARADIS FRESH 500GR,1293.22,3.2143,"Bs.1,293.22",08FRUV,lechuga,https://www.plansuarez.com/index.php?route=product/product&product_id=33487&search=lechuga,402.3343,2026-02-21T14:21:55.186725
BROCOLI EN BANDEJA PLANSUAREZ X KG,1870.85,4.65,"Bs.1,870.85",08FRUV,brocoli,https://www.plansuarez.com/index.php?route=product/product&product_id=30978&search=brocoli,402.3343,2026-02-21T14:22:01.873720
CREMA P/GATOS PUNKY PARTNERS 4UND BROCOLI/SALMON,1617.92,4.0213,"Bs.1,617.92",08FRUV,brocoli,https://www.plansuarez.com/index.php?route=product/product&product_id=36019&search=brocoli,402.3343,2026-02-21T14:22:01.892969
AGUA GASIF MIBRISA 500ML MANZANA,367.16,0.9126,Bs.367.16,08FRUV,manzana,https://www.plansuarez.com/index.php?route=product/product&product_id=32932&search=manzana,402.3343,2026-02-21T14:22:34.895185
AGUA GASIF NEVADA 15LT MANZANA,527.7,1.3116,Bs.527.70,08FRUV,manzana,https://www.plansuarez.com/index.php?route=product/product&product_id=34059&search=manzana,402.3343,2026-02-21T14:22:34.946107
AMBIENTADOR GLADE 100ML+6VARITAS MANZANA CANELA,5366.21,13.3377,"Bs.5,366.21",08FRUV,manzana,https://www.plansuarez.com/index.php?route=product/product&product_id=28854&search=manzana,402.3343,2026-02-21T14:22:34.974618
ARENA P/GATOS NEO CLEAN 415GR MANZANA,3249.22,8.0759,"Bs.3,249.22",08FRUV,manzana,https://www.plansuarez.com/index.php?route=product/product&product_id=35252&search=manzana,402.3343,2026-02-21T14:22:35.002598
BANDEJA MANZANA GALA !300! GR,843.7,2.097,Bs.843.70,08FRUV,manzana,https://www.plansuarez.com/index.php?route=product/product&product_id=3546&search=manzana,402.3343,2026-02-21T14:22:35.032847
BANDEJA MANZANA ROJA !300! G,843.7,2.097,Bs.843.70,08FRUV,manzana,https://www.plansuarez.com/index.php?route=product/product&product_id=3545&search=manzana,402.3343,2026-02-21T14:22:35.064636
BEBIDA GATORADE 500ML MANZANA PET,863.47,2.1462,Bs.863.47,08FRUV,manzana,https://www.plansuarez.com/index.php?route=product/product&product_id=33308&search=manzana,402.3343,2026-02-21T14:22:35.097980
BEDIDA ROBBY BUBLE 075LT MANZANA,2771.08,6.8875,"Bs.2,771.08",08FRUV,manzana,https://www.plansuarez.com/index.php?route=product/product&product_id=22797&search=manzana,402.3343,2026-02-21T14:22:35.129467
CARTULINA KORES 50X70 VERDE MANZANA,316.75,0.7873,Bs.316.75,08FRUV,manzana,https://www.plansuarez.com/index.php?route=product/product&product_id=33945&search=manzana,402.3343,2026-02-21T14:22:35.173072
CHAMPU ALIVE 413ML FLOR DE MANZANA,2364.65,5.8773,"Bs.2,364.65",08FRUV,manzana,https://www.plansuarez.com/index.php?route=product/product&product_id=19815&search=manzana,402.3343,2026-02-21T14:22:35.205654
COLADO COTOPERI 110GR MANZANA,396.23,0.9848,Bs.396.23,08FRUV,manzana,https://www.plansuarez.com/index.php?route=product/product&product_id=35106&search=manzana,402.3343,2026-02-21T14:22:35.238349
COLADO GERBER 100GR MANZANA POUCH,827.61,2.057,Bs.827.61,08FRUV,manzana,https://www.plansuarez.com/index.php?route=product/product&product_id=19330&search=manzana,402.3343,2026-02-21T14:22:35.267877
AGUA GASIF MINALBA 500ML SPARK NARANJA,580.96,1.444,Bs.580.96,08FRUV,naranja,https://www.plansuarez.com/index.php?route=product/product&product_id=24056&search=naranja,402.3343,2026-02-21T14:22:53.019091
AGUA GASIF PETRICHOR 355ML NARANJA SEVILLANA,597.39,1.4848,Bs.597.39,08FRUV,naranja,https://www.plansuarez.com/index.php?route=product/product&product_id=30183&search=naranja,402.3343,2026-02-21T14:22:53.050837
BEBIDA ENERGETICA POWER X 1LT NARANJA,374.36,0.9305,Bs.374.36,08FRUV,naranja,https://www.plansuarez.com/index.php?route=product/product&product_id=36132&search=naranja,402.3343,2026-02-21T14:22:53.083046
BEBIDA TANG 20GR NARANJA,318.83,0.7925,Bs.318.83,08FRUV,naranja,https://www.plansuarez.com/index.php?route=product/product&product_id=20822&search=naranja,402.3343,2026-02-21T14:22:53.113560
BENZODIAZOL NARANJA X 16 PASTILLAS MAST MEYER,1481.36,3.6819,"Bs.1,481.36",08FRUV,naranja,https://www.plansuarez.com/index.php?route=product/product&product_id=18052&search=naranja,402.3343,2026-02-21T14:22:53.141749
CARTULINA CORRUGADA BERNICE NARANJA,419.66,1.0431,Bs.419.66,08FRUV,naranja,https://www.plansuarez.com/index.php?route=product/product&product_id=35491&search=naranja,402.3343,2026-02-21T14:22:53.171820
CARTULINA KORES 50X70 NARANJA,316.75,0.7873,Bs.316.75,08FRUV,naranja,https://www.plansuarez.com/index.php?route=product/product&product_id=33941&search=naranja,402.3343,2026-02-21T14:22:53.239966
CEBION NARANJA 1G X 10TAB EFERV,5815.07,14.4533,"Bs.5,815.07",08FRUV,naranja,https://www.plansuarez.com/index.php?route=product/product&product_id=29340&search=naranja,402.3343,2026-02-21T14:22:53.273291
CHOCOLATE ST MORITZ 40G GRAGEADO NARANJA BITTER,1086.78,2.7012,"Bs.1,086.78",08FRUV,naranja,https://www.plansuarez.com/index.php?route=product/product&product_id=24704&search=naranja,402.3343,2026-02-21T14:22:53.334975
CREMA SECRETOS DE LA ABUELA 250GR CHOCONARANJA,1630.37,4.0523,"Bs.1,630.37",08FRUV,naranja,https://www.plansuarez.com/index.php?route=product/product&product_id=33966&search=naranja,402.3343,2026-02-21T14:22:53.364657
